,,CPU,,,,Net Read KBPS,,,,Net Write KBPS,,,,Disk Read KBPS,,,,Disk Write KBPS,
,Mode A,Mode B,Mode C,,Mode A,Mode B,Mode C,,Mode A,Mode B,Mode C,,Mode A,Mode B,Mode C,,Mode A,Mode B,Mode C
25,21,20,20,25,2,2,2,25,0,0,0,25,579,551,551,25,1702,246,16
25,1,21,1,25,0,68,0,25,0,1770,0,25,259,4135,0,25,13,1179,6
25,29,43,8,25,48,150,1,25,1124,3865,0,25,4074,1828,515,25,87,3218,15
25,39,41,62,25,72,152,75,25,1787,3964,1846,25,1556,1501,6301,25,2364,1246,3659
25,37,32,33,25,69,134,65,25,1659,3308,1518,25,1337,1228,1225,25,196,544,187
25,31,27,31,25,66,135,63,25,1551,3329,1461,25,4370,1004,1134,25,803,2039,296
25,35,23,31,25,71,130,66,25,1755,3182,1534,25,1178,1060,1136,25,6608,4968,6659
25,27,22,28,25,69,140,75,25,1685,3516,1860,25,1062,1019,1008,25,1489,2628,2787
25,32,22,30,25,78,136,71,25,2006,3477,1845,25,1037,875,1109,25,1430,1378,2539
25,24,23,26,25,71,139,70,25,1782,3488,1676,25,958,1217,855,25,1445,1070,5927
25,24,23,24,25,71,129,68,25,1739,3126,1636,25,979,945,923,25,1435,1116,2587
25,21,22,22,25,71,134,64,25,1706,3306,1491,25,731,728,1078,25,1508,1340,2402
25,20,21,23,25,70,144,73,25,1697,3584,1814,25,978,771,822,25,990,1082,2823
25,18,22,22,25,70,135,79,25,1685,3291,1950,25,642,749,757,25,1078,1146,1988
25,22,22,21,25,79,139,69,25,1982,3441,1654,25,658,714,751,25,1185,1320,2138
25,22,19,19,25,76,139,69,25,1911,3501,1658,25,980,654,646,25,1024,1065,2033
25,16,19,18,25,70,138,65,25,1738,3369,1496,25,574,590,648,25,941,974,2332
25,17,18,18,25,71,141,69,25,1758,3487,1646,25,514,518,680,25,1058,1182,1813
25,14,17,19,25,63,134,67,25,1495,3260,1574,25,506,593,659,25,974,1096,1843
25,16,18,18,25,64,153,70,25,1496,3948,1663,25,635,498,488,25,1067,805,1733
25,17,17,17,25,68,140,77,25,1687,3457,1920,25,595,533,515,25,737,800,1474
25,15,15,17,25,69,141,70,25,1650,3530,1675,25,453,438,541,25,872,914,1651
25,15,16,17,25,71,131,73,25,1732,3217,1772,25,480,505,477,25,754,716,1531
25,15,17,16,25,67,139,65,25,1570,3429,1509,25,507,546,558,25,732,1554,1752
25,16,15,15,25,69,127,67,25,1635,3055,1568,25,523,408,410,25,914,3187,1514
25,15,15,14,25,78,135,69,25,1983,3320,1648,25,459,509,478,25,637,802,1447
25,15,12,15,25,73,134,69,25,1798,3300,1623,25,379,362,368,25,756,779,1517
25,15,13,15,25,66,137,74,25,1550,3353,1824,25,778,474,588,25,4111,626,1354
25,15,15,14,25,67,131,65,25,1603,3144,1529,25,476,461,408,25,852,806,1174
25,10,15,16,25,70,137,68,25,1694,3368,1628,25,302,450,451,25,648,600,1190
25,15,13,13,25,71,138,64,25,1728,3410,1470,25,349,384,947,25,918,626,1571
25,14,14,13,25,73,153,71,25,1810,3926,1726,25,326,345,322,25,774,688,1136
25,14,14,12,25,74,139,71,25,1835,3394,1737,25,389,365,373,25,506,843,1385
25,12,14,13,25,70,132,70,25,1658,3225,1701,25,275,386,346,25,840,672,1385
25,13,12,12,25,66,142,69,25,1566,3507,1663,25,368,299,266,25,602,663,1119
25,15,11,14,25,71,135,72,25,1714,3317,1805,25,341,290,301,25,705,826,924
25,12,13,12,25,72,127,69,25,1754,3055,1667,25,342,334,296,25,506,577,1211
25,13,12,14,25,74,134,73,25,1810,3254,1800,25,307,298,378,25,552,540,1084
25,13,12,13,25,70,142,70,25,1670,3509,1719,25,294,296,339,25,757,519,942
25,11,11,12,25,71,140,71,25,1724,3483,1777,25,317,261,254,25,560,700,982
25,13,11,12,25,74,142,71,25,1851,3585,1719,25,297,296,274,25,504,513,1300
25,12,14,13,25,64,144,69,25,1515,3566,1652,25,623,358,307,25,599,626,1062
25,13,11,14,25,73,139,72,25,1813,3406,1779,25,318,219,274,25,596,624,4218
25,13,11,12,25,78,139,66,25,1970,3468,1565,25,318,274,259,25,488,445,1093
25,10,11,12,25,68,144,70,25,1626,3561,1685,25,208,235,266,25,579,621,1068
25,12,10,12,25,69,144,62,25,1666,3600,1437,25,309,258,242,25,600,456,1068
25,12,10,11,25,72,135,62,25,1790,3448,1436,25,221,219,282,25,660,598,941
25,11,13,12,25,66,147,66,25,1559,3678,1559,25,270,238,235,25,442,452,1118
25,9,10,10,25,76,135,71,25,1959,3319,1713,25,163,200,227,25,481,519,1043
25,12,9,11,25,69,138,70,25,1639,3401,1704,25,240,189,214,25,568,565,891
25,10,11,10,25,71,126,70,25,1763,3002,1690,25,231,226,184,25,453,481,966
25,11,10,11,25,69,138,68,25,1698,3399,1646,25,251,243,221,25,3659,389,703
25,10,11,9,25,69,138,67,25,1652,3380,1582,25,182,249,184,25,546,367,739
25,11,10,13,25,69,141,70,25,1658,3557,1698,25,237,246,323,25,437,532,670
25,11,11,11,25,72,145,69,25,1800,3853,1682,25,226,224,234,25,422,418,1314
25,9,11,12,25,64,137,72,25,1516,3427,1761,25,214,190,242,25,383,412,651
25,10,12,14,25,68,148,69,25,1657,3694,1667,25,189,238,266,25,590,601,837
50,9,11,10,50,64,133,67,50,1495,3328,1595,50,184,218,189,50,590,371,1081
50,9,9,10,50,65,130,69,50,1513,3136,1654,50,157,202,214,50,336,553,856
50,9,10,9,50,68,140,74,50,1627,3471,1815,50,195,219,187,50,468,403,984
50,9,10,9,50,71,149,70,50,1699,3752,1676,50,168,1016,123,50,405,560,3905
50,9,11,10,50,67,153,69,50,1605,3854,1702,50,189,198,174,50,338,526,847
50,10,21,8,50,77,281,66,50,1827,6946,1634,50,166,347,125,50,355,3712,658
50,17,18,16,50,140,286,133,50,3337,7062,3293,50,322,325,309,50,544,521,549
50,18,17,17,50,143,256,133,50,3388,6182,3134,50,317,344,490,50,356,470,685
50,18,19,26,50,139,267,131,50,3259,6446,3118,50,309,349,55082,50,346,714,998
50,19,22,18,50,136,292,134,50,3242,7269,3288,50,368,323,309,50,960,586,955
50,17,18,17,50,137,282,141,50,3350,6891,3465,50,290,322,258,50,586,811,1034
50,18,13,22,50,144,279,144,50,3663,6831,3570,50,333,580,332,50,622,751,1574
50,19,15,17,50,145,291,138,50,3555,7200,3364,50,326,258,275,50,803,612,1302
50,18,14,16,50,143,270,139,50,3458,6538,3381,50,307,260,364,50,756,900,1054
50,16,15,17,50,142,262,141,50,3407,6291,3443,50,219,200,269,50,710,600,1044
50,16,16,18,50,129,263,136,50,3039,6345,3321,50,277,219,312,50,659,516,1632
50,16,14,17,50,134,283,150,50,3186,6974,3756,50,250,210,307,50,747,402,893
50,17,15,18,50,139,284,144,50,3356,7065,3545,50,275,284,251,50,520,616,926
50,13,15,15,50,129,282,136,50,3006,7112,3302,50,178,242,162,50,683,486,1432
50,14,18,14,50,142,285,132,50,3417,7094,3120,50,197,270,154,50,425,364,1222
50,14,15,15,50,138,275,130,50,3323,6750,3090,50,171,315,219,50,687,748,763
50,14,15,14,50,139,285,134,50,3329,7054,3212,50,189,232,194,50,379,462,960
50,15,14,16,50,140,281,141,50,3399,6898,3491,50,243,184,256,50,410,499,1025
50,15,13,14,50,129,279,143,50,3014,6853,3554,50,179,157,146,50,546,450,791
50,13,14,13,50,131,273,144,50,3103,6682,3551,50,131,182,133,50,540,627,656
50,16,14,16,50,146,291,148,50,3571,7236,3692,50,176,147,222,50,336,414,1058
50,14,13,14,50,141,290,134,50,3438,7205,3194,50,187,154,149,50,396,360,749
50,13,12,14,50,153,277,143,50,3805,6778,3537,50,163,179,178,50,489,491,679
50,13,13,15,50,142,283,141,50,3438,7062,3494,50,162,118,144,50,381,331,674
50,12,13,12,50,133,292,140,50,3146,7297,3487,50,139,179,130,50,391,441,960
50,13,14,12,50,134,281,136,50,3178,6910,3377,50,134,179,106,50,523,347,569
50,12,13,13,50,134,290,140,50,3180,7318,3427,50,114,141,146,50,352,479,696
50,11,12,12,50,140,276,142,50,3392,6781,3487,50,99,99,104,50,292,319,758
50,14,11,14,50,147,268,136,50,3663,6507,3297,50,149,110,195,50,509,374,569
50,12,12,12,50,137,296,139,50,3322,7592,3425,50,133,134,120,50,434,404,504
50,11,11,14,50,142,276,137,50,3489,6759,3366,50,118,102,165,50,246,266,502
50,11,11,13,50,145,300,136,50,3559,7535,3287,50,110,86,146,50,370,294,862
50,12,11,13,50,140,277,138,50,3406,6761,3344,50,140,110,138,50,482,298,646
50,11,14,13,50,148,287,138,50,3682,7084,3371,50,74,108,109,50,282,420,513
50,12,13,12,50,142,285,132,50,3459,7175,3154,50,122,104,77,50,261,217,795
50,11,12,12,50,146,259,155,50,3766,6208,3904,50,98,104,86,50,252,268,524
50,11,12,12,50,141,266,138,50,3421,6399,3368,50,91,141,77,50,318,469,525
50,13,13,11,50,137,294,138,50,3435,7355,3373,50,122,122,88,50,428,268,422
50,12,10,12,50,139,280,135,50,3343,6945,3248,50,80,48,98,50,219,246,528
50,11,12,12,50,136,281,135,50,3311,7187,3221,50,109,118,93,50,325,236,379
50,11,11,12,50,138,271,138,50,3345,6597,3375,50,93,56,97,50,304,392,399
50,10,11,13,50,125,275,149,50,2922,6818,3710,50,45,94,1236,50,257,197,543
50,11,12,12,50,146,275,135,50,3580,6760,3236,50,86,83,110,50,211,221,511
50,12,10,13,50,149,290,141,50,3745,7294,3419,50,101,69,58,50,326,284,537
50,10,12,12,50,141,275,135,50,3448,6636,3364,50,90,66,107,50,158,192,433
50,13,10,12,50,137,264,139,50,3324,6399,3385,50,101,286,104,50,199,247,703
50,9,10,11,50,135,298,135,50,3284,7574,3215,50,46,50,98,50,363,242,394
50,10,11,13,50,141,276,137,50,3373,6734,3285,50,90,98,98,50,202,279,270
50,11,10,11,50,148,288,137,50,3699,7203,3344,50,85,72,56,50,236,286,598
50,10,11,11,50,137,279,131,50,3250,6814,3109,50,78,82,77,50,186,206,420
50,10,10,11,50,143,290,145,50,3502,7255,3582,50,54,56,105,50,314,329,360
50,10,11,11,50,136,271,137,50,3251,6642,3311,50,80,82,61,50,186,214,389
75,12,11,12,75,140,260,134,75,3430,6372,3245,75,66,98,69,75,361,207,515
75,9,11,12,75,137,278,144,75,3388,6912,3534,75,32,106,72,75,264,162,339
75,11,10,10,75,143,267,129,75,3657,6491,3060,75,51,64,62,75,204,273,355
75,9,11,11,75,147,272,141,75,3651,6640,3481,75,38,60,72,75,192,212,456
75,11,10,11,75,143,277,132,75,3531,6785,3164,75,67,45,46,75,118,232,265
75,10,11,11,75,141,299,144,75,3506,7478,3561,75,48,45,72,75,208,250,322
75,12,10,11,75,145,280,145,75,3574,6812,3623,75,54,50,53,75,154,164,276
75,10,8,13,75,137,193,140,75,3281,4724,3544,75,50,59,43,75,154,161,361
75,8,8,12,75,122,233,139,75,3056,5580,3388,75,38,24,45,75,216,94,275
75,15,16,12,75,219,423,155,75,5340,10335,3657,75,94,77,34,75,206,267,392
75,15,13,16,75,224,418,207,75,5471,10143,4952,75,102,24,82,75,153,175,359
75,14,14,17,75,216,409,213,75,5173,9994,5141,75,66,45,115,75,144,210,234
75,14,14,15,75,224,413,203,75,5402,10203,4864,75,74,50,226,75,409,372,312
75,13,15,16,75,220,412,220,75,5224,10191,5483,75,43,66,77,75,214,134,450
75,13,15,18,75,216,396,213,75,5141,9682,5255,75,40,66,118,75,174,176,568
75,14,16,16,75,210,416,226,75,4914,10294,5660,75,77,173,43,75,331,278,3592
75,14,14,15,75,211,409,207,75,4958,10055,4964,75,69,65,59,75,128,386,282
75,16,16,14,75,210,410,212,75,4862,9971,5174,75,45,88,51,75,112,172,513
75,15,14,15,75,211,405,216,75,5012,9855,5384,75,62,54,32,75,376,233,488
75,14,14,14,75,211,426,205,75,5111,10462,4882,75,64,30,58,75,279,226,228
75,14,14,15,75,218,419,204,75,5322,10327,4918,75,62,26,43,75,145,186,240
75,14,14,15,75,211,424,206,75,5131,10400,5012,75,42,56,42,75,354,233,429
75,13,16,13,75,212,432,219,75,5245,10690,5409,75,45,70,30,75,252,123,202
75,14,14,14,75,216,416,200,75,5357,10256,4843,75,48,34,69,75,146,188,228
75,14,15,14,75,214,432,206,75,5245,10780,5060,75,48,43,46,75,190,192,502
75,13,15,13,75,207,421,212,75,5135,10411,5186,75,34,32,18,75,124,159,145
75,13,14,16,75,208,403,207,75,5088,9957,5052,75,59,34,50,75,196,192,220
75,13,14,15,75,208,398,201,75,5038,9620,4850,75,34,22,26,75,165,175,447
75,13,14,14,75,208,438,198,75,5019,11044,4750,75,34,38,3,75,105,132,245
75,14,13,16,75,206,416,199,75,4960,10189,4743,75,3364,35,45,75,1040,104,195
75,14,14,16,75,223,433,206,75,5566,10692,5038,75,29,48,59,75,174,177,286
75,13,13,14,75,206,437,199,75,4932,10962,4808,75,24,14,61,75,120,119,222
75,13,13,15,75,198,419,211,75,4697,10445,5130,75,22,26,30,75,77,138,176
75,13,14,14,75,205,420,209,75,4946,10330,5037,75,16,19,22,75,212,226,2820
75,13,14,14,75,210,418,203,75,5080,10232,4859,75,21,24,54,75,86,69,232
75,14,15,15,75,204,430,216,75,4916,10564,5298,75,134,60,18,75,92,202,274
75,13,13,13,75,201,421,202,75,4769,10309,4927,75,24,18,22,75,181,168,197
75,12,13,15,75,219,409,212,75,5365,10007,5201,75,19,8,48,75,82,151,193
75,12,15,14,75,204,433,195,75,4950,10681,4614,75,30,59,43,75,146,147,235
75,13,13,14,75,215,424,219,75,5340,10556,5383,75,29,16,35,75,113,110,200
75,13,14,14,75,208,419,216,75,5027,10269,5363,75,27,19,8,75,152,109,118
75,12,14,14,75,211,405,212,75,5150,9734,5238,75,2,29,34,75,96,172,202
75,13,13,13,75,209,417,203,75,5105,10236,4844,75,21,21,16,75,125,99,324
75,16,14,13,75,202,427,199,75,4831,10481,4763,75,990,16,34,75,596,74,167
75,14,13,14,75,214,401,212,75,5266,9647,5181,75,22,18,10,75,56,138,136
75,13,14,13,75,204,435,203,75,4943,10949,4911,75,27,16,19,75,116,119,289
75,13,14,14,75,216,408,218,75,5330,9985,5397,75,18,27,32,75,73,67,111
75,13,13,13,75,219,424,214,75,5337,10453,5271,75,19,18,8,75,144,115,90
75,14,14,13,75,216,415,212,75,5312,10146,5155,75,11,22,6,75,3228,99,178
75,13,14,14,75,223,394,216,75,5569,9571,5348,75,26,18,70,75,74,79,264
75,13,12,13,75,202,418,206,75,4780,10562,4997,75,22,6,21,75,42,176,79
75,12,13,14,75,198,390,203,75,4643,9421,4886,75,5,24,8,75,181,160,190
75,13,13,13,75,204,398,214,75,4844,9536,5257,75,16,19,10,75,40,61,153
75,13,14,13,75,208,407,205,75,4970,9865,4956,75,6,914,7,75,77,166,99
75,13,13,13,75,212,421,202,75,5147,10346,4905,75,8,6,5,75,876,188,252
75,13,13,13,75,202,398,201,75,4882,9726,4843,75,16,8,10,75,58,96,90
75,12,13,13,75,211,446,210,75,5182,11069,5123,75,14,10,19,75,83,354,124
100,12,13,13,100,208,416,210,100,5114,10382,5216,100,26,8,11,100,308,94,246
100,13,13,13,100,209,416,204,100,5185,10061,4911,100,14,6,2,100,75,78,64
100,12,13,14,100,200,420,217,100,4760,10270,5348,100,11,11,47,100,58,50,144
100,12,13,13,100,212,419,208,100,5156,10264,5042,100,22,14,6,100,328,79,330
100,12,10,13,100,204,313,206,100,4970,7636,4951,100,10,10,13,100,98,72,89
100,4,15,11,100,64,490,160,100,1506,11783,4017,100,0,11,29,100,50,58,126
100,16,17,20,100,286,558,276,100,6861,13983,6594,100,10,13,21,100,238,106,396
100,16,16,20,100,290,565,283,100,7118,14471,6936,100,16,2,16,100,50,44,57
100,16,17,18,100,276,540,273,100,6737,13142,6500,100,19,3,0,100,85,82,74
100,16,16,21,100,280,552,275,100,6861,13645,6491,100,22,5,10,100,286,113,315
100,16,17,18,100,269,560,294,100,6449,13756,7305,100,8,8,19,100,70,86,140
100,16,17,18,100,276,553,278,100,6639,13620,6717,100,8,16,10,100,84,119,53
100,16,17,19,100,271,536,276,100,6453,12919,6711,100,18,11,21,100,270,106,254
100,15,17,20,100,271,568,272,100,6593,14151,6574,100,11,6,30,100,52,33,152
100,17,17,18,100,280,572,281,100,6782,14103,6906,100,24,11,11,100,63,62,85
100,16,17,18,100,280,555,284,100,6843,13545,6945,100,5,8,8,100,362,150,195
100,17,18,18,100,293,603,281,100,7555,15123,6833,100,2,34,5,100,75,102,114
100,16,17,19,100,276,524,276,100,6699,12522,6634,100,7,16,21,100,39,97,167
100,16,16,18,100,270,566,280,100,6523,13961,6857,100,54,5,11,100,319,175,171
100,16,17,18,100,270,572,277,100,6478,14162,6712,100,4,6,6,100,116,27,48
100,16,17,18,100,286,543,287,100,6917,13305,7087,100,112,5,19,100,48,53,119
100,16,17,17,100,273,528,269,100,6590,12837,6443,100,6,6,3,100,175,93,228
100,16,17,18,100,282,548,282,100,6838,13397,6885,100,10,16,6,100,74,86,58
100,16,16,18,100,282,567,264,100,6858,14062,6239,100,2,3,8,100,70,32,110
100,16,16,18,100,291,566,292,100,7095,14187,7144,100,8,2,0,100,153,106,168
100,15,16,18,100,275,560,274,100,6651,13848,6599,100,0,0,6,100,52,70,68
100,16,16,18,100,283,533,264,100,6967,12943,6295,100,3,6,2,100,30,42,54
100,16,16,18,100,269,525,274,100,6466,12972,6562,100,3,18,105,100,141,116,201
100,16,16,19,100,284,537,274,100,6917,13094,6621,100,5,0,6,100,32,24,59
100,16,16,19,100,277,530,285,100,6602,12768,6983,100,11,0,2,100,47,65,44
100,16,16,17,100,276,552,269,100,6692,13567,6492,100,3,5,2,100,168,88,282
100,16,16,18,100,272,547,274,100,6450,13497,6753,100,6,0,10,100,34,26,42
100,16,17,17,100,284,539,283,100,6838,13213,7070,100,63,50,8,100,151,3214,49
100,17,16,18,100,289,566,276,100,7033,14131,6704,100,11,2,60,100,218,124,154
100,16,16,18,100,284,547,278,100,6860,13694,6758,100,5,15,18,100,45,74,150
100,16,16,17,100,284,530,267,100,6846,12913,6416,100,0,6,0,100,38,42,81
100,16,17,18,100,278,542,271,100,6651,13213,6595,100,0,13,2,100,144,156,177
100,16,16,18,100,272,532,286,100,6581,12940,6983,100,3,0,5,100,24,43,92
100,16,16,17,100,286,555,277,100,6957,13638,6817,100,8,5,3,100,30,47,27
100,16,17,17,100,289,550,289,100,7178,13499,7088,100,5,0,6,100,140,106,165
100,15,16,17,100,294,554,281,100,7603,13825,6793,100,2,8,0,100,30,66,43
100,16,16,17,100,269,543,274,100,6492,13381,6638,100,2,6,5,100,38,77,60
100,16,16,17,100,279,565,272,100,6725,13978,6497,100,0,0,0,100,149,83,154
100,15,16,18,100,288,543,285,100,7025,13280,7050,100,3,10,9,100,42,52,42
100,16,16,18,100,288,549,277,100,6982,13635,6784,100,8,3,10,100,31,78,123
100,16,16,17,100,284,562,275,100,6770,14149,6636,100,0,0,0,100,118,100,168
100,16,17,19,100,286,566,291,100,6975,14114,7254,100,6,0,1172,100,38,935,38
100,16,16,18,100,273,563,280,100,6523,14072,6817,100,2,6,18,100,22,24,154
100,15,16,17,100,276,573,274,100,6611,14260,6593,100,0,2,0,100,130,82,175
100,16,16,18,100,269,551,286,100,6481,13546,7002,100,5,0,3,100,25,24,23
100,16,16,17,100,279,546,281,100,6752,13487,6956,100,0,0,0,100,37,46,367
100,15,16,18,100,282,535,273,100,6921,13099,6618,100,0,0,0,100,90,77,172
100,16,16,17,100,289,552,277,100,7142,13583,6777,100,2,5,0,100,22,29,24
100,15,16,17,100,281,561,272,100,6760,13947,6672,100,2,2,0,100,36,44,29
100,15,16,18,100,269,557,268,100,6459,13935,6419,100,0,0,0,100,104,78,3026
100,15,16,17,100,263,552,274,100,6341,13554,6591,100,0,2,0,100,17,38,34
100,16,16,17,100,284,537,274,100,6900,13100,6653,100,7,0,0,100,32,31,23
125,16,16,17,125,278,546,274,125,6779,13312,6666,125,5,87,10,125,149,236,196
125,16,16,18,125,289,551,278,125,7216,13623,6725,125,32,2,0,125,64,49,50
125,16,16,17,125,284,558,275,125,6925,13840,6704,125,5,0,0,125,18,23,18
125,16,16,18,125,269,526,282,125,6464,12738,7079,125,0,0,0,125,124,88,324
125,16,16,17,125,282,530,290,125,6924,12935,7128,125,0,0,0,125,26,25,37
125,16,16,17,125,277,549,282,125,6697,13470,6947,125,0,0,0,125,28,25,38
125,16,16,17,125,277,539,267,125,6766,13249,6498,125,21,2,0,125,91,77,190
125,16,16,17,125,286,544,276,125,7057,13355,6701,125,3,2,0,125,77,36,30
125,14,15,16,125,245,509,245,125,5893,12534,5956,125,0,25,5,125,19,19,43
125,17,20,20,125,316,710,303,125,7640,18008,7153,125,0,2,7,125,91,125,230
125,20,20,22,125,345,708,354,125,8342,17626,8539,125,8,5,5,125,39,60,66
125,20,21,22,125,345,695,351,125,8336,17219,8390,125,0,0,0,125,72,29,80
125,20,20,23,125,357,701,356,125,8687,17195,8561,125,3,0,7,125,99,86,349
125,20,20,22,125,348,705,352,125,8441,17281,8434,125,2,0,3,125,30,43,26
125,19,20,22,125,346,686,346,125,8353,16707,8419,125,0,0,0,125,37,42,20
125,20,20,22,125,368,693,349,125,8981,16907,8383,125,0,2,0,125,134,94,316
125,20,20,22,125,347,702,348,125,8289,17220,8492,125,5,2,0,125,28,25,36
125,20,20,22,125,346,701,349,125,8190,17200,8480,125,0,0,0,125,42,40,32
125,19,20,22,125,345,675,337,125,8261,16232,8090,125,0,0,0,125,107,96,266
125,20,20,22,125,367,713,346,125,8914,17644,8358,125,0,0,0,125,35,32,58
125,19,21,22,125,357,687,339,125,8596,16886,8278,125,0,0,0,125,20,27,20
125,20,20,22,125,344,688,347,125,8289,16896,8512,125,10,0,0,125,172,107,299
125,20,20,22,125,340,694,347,125,8203,17203,8398,125,0,0,0,125,26,23,58
125,20,20,22,125,351,701,357,125,8517,17413,8932,125,0,0,0,125,20,28,28
125,20,20,22,125,353,704,351,125,8592,17450,8529,125,0,5,0,125,110,96,227
125,20,21,22,125,346,681,346,125,8423,16648,8418,125,0,0,0,125,24,74,28
125,19,21,21,125,347,702,332,125,8331,17410,8062,125,0,6,0,125,17,36,32
125,20,21,22,125,353,674,337,125,8465,16270,8143,125,5,8,0,125,116,148,205
125,20,21,22,125,357,700,350,125,8617,17162,8538,125,5,0,702,125,30,72,67
125,20,21,22,125,340,704,339,125,8025,17264,8173,125,0,0,68,125,23,35,394
125,20,20,22,125,350,716,342,125,8342,17869,8225,125,2,0,0,125,119,114,287
125,19,21,23,125,351,691,352,125,8590,16755,8486,125,0,3,6,125,39,40,29
125,19,21,22,125,352,688,356,125,8540,16831,8727,125,2,5,0,125,21,27,59
125,20,21,22,125,357,709,355,125,8769,17455,8674,125,6,0,5,125,109,135,275
125,20,21,22,125,357,702,337,125,8643,17327,8095,125,11,0,0,125,60,38,26
125,20,21,22,125,353,688,352,125,8840,17013,8559,125,0,0,0,125,42,45,32
125,20,20,22,125,357,685,347,125,8849,16821,8421,125,0,0,0,125,122,97,252
125,19,20,22,125,333,691,354,125,7898,16976,8629,125,0,0,0,125,36,27,27
125,19,20,22,125,345,707,359,125,8400,17351,8810,125,0,0,0,125,28,36,32
125,20,20,22,125,371,687,339,125,9246,16733,8167,125,0,0,0,125,97,94,236
125,19,21,22,125,355,706,354,125,8577,17270,8634,125,0,0,7,125,22,20,46
125,20,20,22,125,345,733,341,125,8308,18618,8142,125,0,0,0,125,28,26,60
125,21,20,22,125,356,699,357,125,8661,17058,8734,125,3,0,0,125,100,114,225
125,22,20,22,125,359,692,359,125,8780,16877,8880,125,0,0,0,125,26,30,40
125,21,21,22,125,347,678,351,125,8353,16529,8532,125,12,0,10,125,63,903,60
125,22,21,23,125,348,672,353,125,8474,16575,8704,125,0,7,422,125,146,126,508
125,21,21,22,125,350,688,349,125,8501,17073,8464,125,10,0,0,125,70,84,59
125,21,20,22,125,347,695,347,125,8354,17229,8440,125,61,0,0,125,122,31,37
125,21,20,22,125,348,699,351,125,8338,17106,8604,125,4,0,1,125,130,88,222
125,20,20,22,125,360,701,369,125,8918,17175,9146,125,5,0,0,125,92,34,27
125,20,20,22,125,351,675,338,125,8568,16355,8177,125,0,0,8,125,35,26,27
125,20,20,22,125,341,722,338,125,8201,17961,8250,125,0,0,0,125,96,89,274
125,21,20,22,125,339,718,349,125,8128,17639,8504,125,0,0,0,125,32,30,26
125,20,20,22,125,351,699,343,125,8530,17387,8332,125,0,0,0,125,26,26,26
125,20,20,22,125,331,689,339,125,7849,16944,8171,125,0,0,1,125,93,87,222
125,20,20,22,125,350,710,347,125,8504,17748,8409,125,0,0,0,125,31,26,27
125,21,20,22,125,350,685,341,125,8431,16841,8181,125,0,0,0,125,18,31,23
150,20,20,22,150,355,676,344,150,8719,16578,8290,150,0,3,0,150,96,91,237
150,20,20,22,150,355,678,357,150,8614,16575,8690,150,0,0,0,150,20,58,20
150,20,20,22,150,346,694,344,150,8332,17238,8275,150,0,0,0,150,29,37,28
150,21,20,22,150,359,685,337,150,8755,16887,8081,150,0,0,0,150,95,118,219
150,20,20,22,150,348,707,342,150,8482,17539,8179,150,7,0,2,150,78,23,45
150,20,20,22,150,341,692,351,150,8176,17294,8542,150,0,0,0,150,31,23,26
150,20,20,22,150,356,701,344,150,8681,17534,8234,150,0,0,0,150,97,116,242
150,20,20,22,150,358,694,344,150,8784,17175,8256,150,0,0,0,150,27,23,50
150,20,20,22,150,347,709,341,150,8365,17599,8370,150,183,0,0,150,124,25,27
150,20,21,21,150,363,687,358,150,8944,17049,8849,150,0,8,0,150,108,193,220
150,20,20,22,150,335,703,345,150,7906,17465,8328,150,0,0,0,150,25,42,30
150,20,15,22,150,347,503,363,150,8342,12275,8885,150,0,0,0,150,82,21,44
150,18,25,20,150,309,833,309,150,7538,20510,7418,150,0,0,0,150,99,102,234
150,24,25,26,150,423,842,428,150,10057,20879,10288,150,0,0,0,150,24,35,31
150,24,25,26,150,419,818,416,150,10068,19921,9870,150,5,0,0,150,28,31,41
150,24,25,26,150,434,852,422,150,10528,21140,10094,150,0,7,0,150,106,145,259
150,24,24,27,150,411,787,426,150,9825,18881,10450,150,0,0,1381,150,32,56,536
150,24,27,27,150,427,792,416,150,10089,19348,9931,150,0,7,0,150,29,85,31
150,25,26,26,150,438,821,409,150,10519,20205,9791,150,11,0,0,150,193,147,304
150,25,26,27,150,431,825,415,150,10336,20114,10020,150,0,0,0,150,47,41,32
150,24,28,27,150,419,818,416,150,9939,19907,10054,150,0,6,0,150,24,78,30
150,24,28,27,150,420,840,410,150,10174,20493,9879,150,0,0,0,150,108,117,318
150,24,25,27,150,410,839,419,150,9947,20926,10171,150,0,0,0,150,23,26,26
150,25,25,27,150,420,819,425,150,10233,19922,10398,150,8,0,0,150,79,31,26
150,26,25,26,150,421,830,428,150,10267,20250,10630,150,7,0,0,150,164,110,255
150,25,24,26,150,429,842,429,150,10479,20655,10416,150,5,8,0,150,69,64,39
150,24,24,26,150,429,835,423,150,10638,20411,10343,150,0,0,0,150,40,40,27
150,25,26,26,150,421,849,431,150,10331,20937,10605,150,0,37,0,150,116,176,259
150,25,25,26,150,427,828,429,150,10489,20230,10526,150,10,0,0,150,68,41,41
150,24,25,29,150,405,834,408,150,9821,20474,9890,150,0,624,273,150,24,283,248
150,24,26,27,150,416,862,421,150,10262,21423,10237,150,0,0,0,150,128,133,489
150,24,25,27,150,413,857,421,150,9978,21221,10252,150,0,0,0,150,27,24,31
150,24,25,26,150,414,821,435,150,10068,20043,10569,150,0,0,0,150,22,24,96
150,24,26,27,150,402,844,412,150,9657,20893,9976,150,0,16,0,150,1005,155,208
150,24,26,27,150,411,853,430,150,9867,21255,10469,150,0,0,8,150,22,76,66
150,24,25,26,150,402,820,406,150,9666,20044,9671,150,0,3,0,150,24,57,35
150,25,25,27,150,418,836,417,150,10050,20559,10141,150,233,0,218,150,272,121,312
150,24,25,27,150,431,838,422,150,10548,20647,10256,150,7,0,0,150,97,39,90
150,24,24,27,150,420,831,424,150,10253,20179,10299,150,0,0,0,150,29,35,34
150,24,25,26,150,414,847,440,150,10008,20789,10920,150,0,0,8,150,111,110,298
150,25,25,27,150,411,869,416,150,9923,21816,9916,150,0,0,3,150,38,40,75
150,24,25,27,150,402,838,425,150,9625,20479,10218,150,7,0,0,150,69,24,42
150,24,25,27,150,415,834,407,150,9928,20488,9673,150,0,0,0,150,114,109,229
150,25,25,27,150,444,823,427,150,10820,20000,10210,150,0,12,0,150,17,68,30
150,24,25,27,150,406,843,420,150,9561,20770,10013,150,0,0,0,150,32,41,30
150,25,25,26,150,415,880,409,150,9915,21975,9690,150,0,0,0,150,116,108,206
150,24,25,26,150,443,854,435,150,10819,21013,10518,150,0,0,0,150,28,27,44
150,24,25,26,150,434,856,423,150,10482,21112,10078,150,0,0,0,150,31,31,24
150,25,24,26,150,420,854,407,150,10018,20934,9742,150,2388,0,0,150,966,108,218
150,24,25,26,150,424,816,437,150,10223,19788,10756,150,2,0,0,150,104,26,41
150,24,24,26,150,424,823,415,150,10293,19904,10033,150,0,0,0,150,36,26,27
150,25,25,26,150,414,835,427,150,9975,20346,10628,150,1811,0,0,150,706,110,213
150,24,25,26,150,419,824,424,150,10208,20118,10462,150,0,0,0,150,110,29,26
150,24,25,26,150,407,858,430,150,9723,21596,10506,150,0,0,0,150,28,25,33
150,24,24,27,150,422,802,434,150,10235,19370,10594,150,0,0,0,150,122,115,212
150,24,25,26,150,401,821,419,150,9469,20147,10171,150,0,0,0,150,22,26,32
150,24,24,26,150,418,822,419,150,9993,20214,10209,150,0,0,0,150,23,28,31
175,24,25,26,175,406,802,420,175,9567,19367,10195,175,0,0,0,175,119,102,210
175,24,24,26,175,414,842,410,175,9804,20897,9902,175,0,0,0,175,38,38,34
175,24,24,27,175,414,839,420,175,9781,20734,10119,175,0,0,4,175,22,22,62
175,24,24,27,175,425,862,411,175,10235,21553,9805,175,0,0,0,175,114,112,230
175,23,24,27,175,414,831,441,175,9918,20290,10840,175,0,0,0,175,30,23,28
175,24,24,27,175,433,842,423,175,10451,20679,10366,175,0,0,0,175,23,28,30
175,25,24,26,175,424,830,418,175,10148,20254,10215,175,0,0,0,175,2552,130,227
175,24,25,26,175,418,832,413,175,10018,20286,10026,175,0,7,0,175,38,26,115
175,24,25,26,175,439,818,438,175,10765,19820,10775,175,0,0,0,175,22,79,26
175,23,25,26,175,412,819,407,175,9864,19803,9810,175,0,0,0,175,996,109,215
175,23,25,27,175,410,818,421,175,9824,19905,10331,175,0,0,0,175,29,27,28
175,24,10,26,175,409,330,405,175,9711,8044,9842,175,0,0,0,175,41,28,28
175,14,30,23,175,230,976,371,175,5510,24004,9046,175,0,0,0,175,144,94,198
175,29,30,33,175,491,958,495,175,11772,23456,12171,175,4,0,7,175,110,32,50
175,29,30,33,175,487,987,502,175,11460,24354,12318,175,0,0,66,175,46,24,99
175,30,31,33,175,483,1001,487,175,11458,24755,11762,175,0,7,292,175,217,137,310
175,29,31,32,175,479,1002,492,175,11465,24833,11807,175,0,0,3,175,29,70,97
175,29,32,33,175,477,968,502,175,11414,23810,12187,175,0,15,0,175,38,44,175
175,29,31,32,175,483,971,491,175,11582,23950,11887,175,0,0,0,175,201,203,244
175,29,31,32,175,488,968,502,175,11731,23822,12101,175,0,0,0,175,29,42,37
175,29,31,32,175,499,976,484,175,12061,24000,11525,175,0,0,0,175,28,22,39
175,29,31,32,175,477,956,492,175,11246,23403,11873,175,0,0,0,175,245,124,254
175,29,30,32,175,491,959,476,175,11707,23515,11303,175,0,0,0,175,25,40,30
175,29,31,32,175,491,990,492,175,11722,24597,11846,175,0,6,0,175,71,33,29
175,29,31,32,175,492,967,497,175,11681,23707,12080,175,0,0,0,175,200,164,254
175,30,31,31,175,501,990,496,175,12108,24595,11938,175,7,0,0,175,78,51,38
175,30,31,31,175,489,937,505,175,11872,22824,12256,175,0,4,0,175,71,31,28
175,29,31,32,175,488,961,494,175,11869,23482,11969,175,0,495,0,175,187,208,255
175,29,31,32,175,492,987,498,175,11934,24354,12115,175,7,2,0,175,74,98,27
175,29,31,31,175,484,976,483,175,11753,24131,11523,175,0,1446,0,175,30,74,31
175,30,31,31,175,486,960,498,175,11719,23539,12277,175,72,0,0,175,244,869,243
175,30,31,33,175,484,963,500,175,11625,23523,12088,175,464,5,8,175,140,35,49
175,30,31,33,175,510,972,488,175,12462,23924,11788,175,0,0,6,175,32,73,63
175,30,30,32,175,484,970,492,175,11740,23780,12011,175,0,0,0,175,216,132,292
175,30,30,33,175,495,972,486,175,12057,24216,11797,175,0,0,0,175,247,30,40
175,30,30,32,175,500,933,499,175,12009,22631,12030,175,0,0,0,175,29,39,30
175,30,30,32,175,495,942,516,175,11881,23119,12742,175,0,0,0,175,193,163,244
175,29,31,32,175,500,972,484,175,12004,23928,11570,175,0,8,15,175,30,33,45
175,29,30,32,175,486,1011,484,175,11532,25170,11661,175,0,3,0,175,38,66,94
175,29,31,33,175,488,939,494,175,11702,22606,11948,175,0,0,0,175,224,148,250
175,29,31,32,175,499,997,486,175,12215,24602,11735,175,0,0,0,175,34,24,34
175,29,31,32,175,496,989,485,175,11912,24316,11613,175,0,0,0,175,42,26,34
175,29,31,31,175,506,1000,498,175,12366,24941,12055,175,0,0,215,175,180,132,260
175,29,31,32,175,483,980,503,175,11445,23970,12085,175,0,0,0,175,24,32,91
175,28,31,32,175,477,998,490,175,11301,24434,11659,175,0,0,0,175,26,26,48
175,28,30,32,175,494,976,487,175,11904,23759,11643,175,0,0,7,175,186,121,259
175,29,32,32,175,511,972,480,175,12369,23634,11510,175,0,37,0,175,25,90,60
175,29,31,32,175,495,976,493,175,11990,24073,11995,175,0,0,0,175,24,32,26
175,29,31,32,175,480,954,496,175,11292,23343,12117,175,0,0,0,175,251,130,250
175,29,30,32,175,499,949,476,175,11954,23250,11392,175,0,0,5,175,32,48,72
175,29,30,32,175,512,958,503,175,12483,23516,12166,175,0,0,0,175,30,26,27
175,29,30,33,175,494,957,485,175,11745,23339,11576,175,0,0,6,175,214,124,248
175,29,30,33,175,471,981,497,175,11059,23938,12139,175,0,0,4,175,36,25,80
175,29,31,33,175,499,973,501,175,12078,23768,12089,175,0,5,2,175,29,45,40
175,29,31,32,175,493,978,501,175,12093,23785,12106,175,0,3,0,175,186,160,278
175,28,31,32,175,482,983,480,175,11606,24259,11489,175,0,0,0,175,39,40,43
175,28,31,32,175,479,950,504,175,11594,22948,12245,175,0,8,0,175,23,76,30
200,29,31,32,200,489,987,493,200,11804,24109,11930,200,0,0,10,200,201,128,257
200,29,31,32,200,511,992,490,200,12530,24385,11830,200,534,0,5,200,315,23,82
200,29,31,33,200,509,958,483,200,12771,23177,11548,200,0,0,489,200,49,848,150
200,30,32,32,200,498,1000,492,200,12145,24647,11911,200,0,0,4,200,202,1706,272
200,29,30,32,200,490,977,490,200,11769,23922,11789,200,0,0,10,200,28,134,90
200,30,30,33,200,506,976,495,200,12460,23894,11877,200,0,0,939,200,37,26,254
200,29,30,33,200,493,977,493,200,11848,23869,11985,200,0,0,5,200,194,40,379
200,29,31,32,200,485,962,490,200,11758,23285,11877,200,0,0,0,200,26,122,44
200,29,31,32,200,491,989,489,200,11835,24680,11798,200,0,2,68,200,29,81,358
200,29,31,32,200,489,976,484,200,11733,23974,11629,200,0,7,13,200,200,108,402
200,29,31,33,200,497,949,470,200,12117,23067,11244,200,0,0,39,200,29,129,56
200,29,31,33,200,503,999,496,200,12393,24932,12024,200,0,9,7,200,23,34,105
200,20,25,23,200,346,722,347,200,8394,17694,8251,200,0,0,0,200,196,99,258
200,31,36,38,200,546,1126,563,200,13423,27757,13369,200,0,0,0,200,27,144,34
200,32,35,38,200,570,1132,577,200,13603,28037,13807,200,0,0,0,200,32,28,44
200,33,36,38,200,584,1109,587,200,14151,27304,14263,200,0,0,4,200,236,33,282
200,32,35,37,200,564,1114,558,200,13501,27338,13420,200,0,0,4,200,41,163,94
200,34,35,37,200,565,1117,547,200,13718,27169,13063,200,5,0,0,200,22,32,58
200,33,35,37,200,559,1125,573,200,13565,27621,14067,200,0,7,0,200,274,82,282
200,32,36,37,200,547,1128,561,200,13134,27768,13606,200,0,46,0,200,39,166,36
200,33,36,38,200,558,1089,554,200,13560,26282,13344,200,0,5,7,200,31,121,75
200,33,36,39,200,552,1104,572,200,13333,26850,13883,200,0,0,0,200,212,70,272
200,32,36,38,200,559,1125,563,200,13583,27406,13457,200,0,0,0,200,32,154,42
200,32,35,37,200,565,1109,555,200,13895,27336,13405,200,0,0,0,200,31,43,41
200,32,36,38,200,560,1086,545,200,13555,26365,12946,200,0,0,0,200,241,36,285
200,32,36,38,200,553,1087,563,200,13311,26488,13707,200,0,352,2,200,25,138,81
200,32,36,37,200,557,1090,557,200,13599,26634,13449,200,0,5,0,200,44,226,58
200,33,36,37,200,546,1130,584,200,13121,27981,14341,200,349,7,0,200,345,71,280
200,34,36,37,200,560,1119,558,200,13451,27423,13501,200,42,0,0,200,150,276,46
200,33,36,37,200,557,1108,553,200,13392,27033,13473,200,0,0,0,200,83,46,32
200,33,36,37,200,554,1119,543,200,13277,27425,13038,200,0,0,0,200,221,84,280
200,33,36,38,200,584,1143,553,200,14407,28178,13248,200,7,0,0,200,28,150,37
200,33,36,37,200,562,1136,560,200,13601,27949,13440,200,0,0,0,200,76,46,32
200,32,36,37,200,577,1100,578,200,14105,27020,14127,200,0,0,0,200,212,46,280
200,33,35,37,200,554,1112,562,200,13358,27172,13482,200,0,0,0,200,31,153,39
200,33,36,37,200,548,1126,551,200,12951,27599,13130,200,0,8,0,200,30,80,30
200,33,36,37,200,571,1099,575,200,13818,26863,13937,200,6,0,0,200,220,42,278
200,33,36,38,200,571,1128,552,200,13714,27916,13139,200,0,0,9,200,61,152,78
200,33,35,37,200,564,1102,572,200,13410,27097,13807,200,0,0,0,200,30,29,42
200,33,36,37,200,560,1151,588,200,13322,28699,14583,200,0,0,0,200,217,61,278
200,33,35,38,200,565,1119,567,200,13514,27665,13634,200,0,0,7,200,28,146,83
200,33,36,38,200,572,1079,568,200,13690,26188,13504,200,0,0,0,200,27,41,28
200,33,35,38,200,557,1106,570,200,13305,27041,13764,200,0,0,0,200,225,42,284
200,33,35,37,200,561,1111,547,200,13694,27207,13096,200,0,0,0,200,33,142,36
200,32,35,39,200,557,1128,545,200,13324,27597,13012,200,0,0,0,200,31,38,34
200,33,35,37,200,576,1119,570,200,14205,27338,13865,200,0,0,0,200,237,52,271
200,32,35,37,200,568,1108,585,200,13901,27180,14323,200,0,31,0,200,37,148,41
200,32,37,37,200,547,1148,548,200,13151,28633,13241,200,0,4424,0,200,24,1075,49
200,33,35,37,200,572,1124,556,200,13825,27657,13356,200,0,0,0,200,230,134,275
200,33,36,38,200,568,1059,570,200,13565,25474,13667,200,0,13,24,200,21,148,41
200,32,36,38,200,568,1118,551,200,13523,27348,13234,200,0,14,3,200,39,146,69
200,32,37,37,200,566,1089,577,200,13493,26531,13981,200,0,0,0,200,219,102,295
200,32,36,38,200,589,1095,574,200,14316,26857,13721,200,8,0,0,200,30,143,41
200,33,37,38,200,576,1123,561,200,13924,27550,13326,200,0,8,8,200,72,150,50
200,32,36,39,200,558,1089,575,200,13180,26494,13750,200,0,0,0,200,274,97,380
200,32,37,39,200,561,1101,571,200,13422,27151,13752,200,4,1798,0,200,31,278,35
200,32,36,40,200,563,1087,554,200,13506,26595,13267,200,0,4,385,200,75,286,41
225,33,36,38,225,554,1122,552,225,13242,27676,13145,225,6,0,3,225,276,77,415
225,32,36,38,225,572,1091,563,225,13898,26884,13513,225,0,7,0,225,41,198,69
225,32,36,38,225,568,1122,546,225,13783,27815,13011,225,0,10,0,225,28,62,172
225,32,36,37,225,578,1140,558,225,14213,28388,13627,225,0,0,0,225,214,40,280
225,33,36,38,225,565,1171,568,225,13790,29277,13570,225,0,20,0,225,26,142,44
225,33,36,37,225,564,1096,550,225,13483,26548,13086,225,4,0,0,225,42,448,35
225,33,37,37,225,558,1137,543,225,13600,28013,12894,225,0,7,0,225,313,72,492
225,33,36,37,225,544,1108,541,225,12960,26901,12928,225,6,0,0,225,64,147,40
225,34,37,37,225,565,1124,573,225,13623,27511,14076,225,3,0,0,225,69,45,40
225,33,37,37,225,546,1137,562,225,13247,28118,13643,225,0,0,0,225,202,268,297
225,33,36,37,225,539,1156,548,225,12863,28801,13156,225,0,0,0,225,41,143,30
225,33,35,39,225,550,1111,551,225,13263,27550,13160,225,16,0,643,225,74,29,341
225,33,36,38,225,551,1070,567,225,13365,26110,13853,225,0,0,0,225,248,136,325
225,34,35,38,225,540,1093,570,225,12912,26727,13934,225,10,0,12,225,127,145,93
225,33,35,38,225,552,1135,559,225,13279,28111,13506,225,0,0,0,225,38,19,40
225,34,13,27,225,553,399,413,225,13341,9663,9943,225,7,0,0,225,304,123,269
225,28,39,42,225,454,1180,616,225,10841,28879,14921,225,0,0,8,225,39,116,74
225,39,42,44,225,630,1248,637,225,14997,30241,15379,225,0,7,6,225,40,40,40
225,39,43,44,225,649,1264,634,225,15531,30770,15177,225,0,0,5,225,238,254,368
225,40,42,43,225,640,1261,633,225,15331,30763,15202,225,22,4,0,225,93,182,94
225,41,42,44,225,637,1209,640,225,15536,29113,15541,225,0,0,0,225,98,83,42
225,40,42,43,225,607,1229,632,225,14630,29805,15373,225,0,0,0,225,437,104,318
225,39,42,44,225,616,1268,644,225,14849,31083,15599,225,0,0,0,225,30,171,54
225,39,42,43,225,632,1281,614,225,15496,31721,14643,225,0,0,20,225,116,30,46
225,40,41,43,225,621,1232,647,225,15076,30347,15785,225,0,0,8,225,321,123,387
225,39,41,43,225,629,1275,636,225,15111,31594,15235,225,0,0,0,225,31,168,68
225,39,41,43,225,643,1250,653,225,15734,31141,15811,225,0,0,0,225,40,36,34
225,38,41,42,225,625,1252,634,225,15071,30833,15343,225,0,0,0,225,279,160,318
225,39,41,42,225,611,1239,633,225,14552,30203,15367,225,0,0,0,225,33,158,38
225,38,41,43,225,639,1254,637,225,15490,30732,15496,225,2,7,0,225,36,44,44
225,40,43,43,225,635,1270,643,225,15335,31580,15625,225,2,4,0,225,329,153,309
225,39,42,43,225,647,1248,638,225,15871,30623,15423,225,0,0,13,225,45,172,41
225,39,42,44,225,627,1268,645,225,15308,31174,15817,225,0,0,3,225,28,30,80
225,39,41,44,225,640,1232,637,225,15757,30187,15319,225,0,7,0,225,264,122,315
225,39,43,44,225,638,1218,635,225,15493,29664,15434,225,0,3,0,225,35,201,41
225,38,42,43,225,622,1254,632,225,15030,30746,15345,225,0,0,0,225,32,42,37
225,39,43,43,225,621,1230,612,225,14973,29827,14647,225,0,0,0,225,291,99,316
225,39,42,43,225,623,1213,620,225,15043,29310,14948,225,0,2,0,225,31,164,42
225,38,42,43,225,632,1247,648,225,15411,30565,15885,225,0,0,0,225,36,86,30
225,39,42,43,225,623,1258,643,225,15048,31018,15469,225,0,0,0,225,287,101,316
225,38,42,43,225,624,1245,614,225,15037,30281,14681,225,0,0,0,225,33,166,40
225,38,41,43,225,651,1234,645,225,16165,30025,15890,225,0,0,334,225,42,33,44
225,38,41,45,225,625,1235,641,225,14938,30167,15348,225,0,0,3,225,224,110,388
225,39,42,44,225,631,1249,631,225,15201,30445,15017,225,5,0,10,225,72,173,63
225,40,41,44,225,622,1226,642,225,14871,30352,15419,225,1,0,250,225,86,30,212
225,40,43,51,225,630,1294,635,225,15226,32339,15195,225,0,7,417,225,262,102,453
225,40,43,50,225,646,1243,615,225,15924,30574,14776,225,0,0,0,225,30,188,69
225,39,42,44,225,626,1299,633,225,15063,32227,15175,225,0,0,0,225,36,42,212
225,39,41,44,225,642,1249,627,225,15748,30621,15051,225,0,0,0,225,284,88,303
225,39,41,45,225,617,1252,641,225,14784,30907,15416,225,0,0,0,225,34,162,50
225,39,42,48,225,630,1264,627,225,15183,30966,15038,225,0,0,0,225,36,38,65
225,40,42,81,225,632,1252,642,225,15298,30604,15265,225,4,4,0,225,305,99,450
225,40,42,51,225,628,1224,638,225,15196,29769,15179,225,0,7,0,225,37,198,1623
225,39,42,45,225,626,1269,648,225,15191,31221,15515,225,0,690,0,225,34,311,52
225,39,42,44,225,647,1250,638,225,15727,30946,15146,225,0,15,44,225,296,262,131
225,39,43,45,225,623,1308,635,225,15087,32440,15035,225,9,8,0,225,110,192,531
225,39,42,45,225,639,1246,642,225,15647,30390,15272,225,0,0,0,225,33,79,38
250,39,42,44,250,620,1262,629,250,15039,31104,14992,250,0,5,0,250,239,112,57
250,40,42,44,250,641,1271,640,250,15705,31432,15518,250,0,7,0,250,45,214,409
250,39,42,45,250,642,1249,623,250,15838,30619,14909,250,0,4,0,250,44,58,36
250,40,42,44,250,633,1247,634,250,15405,30552,15412,250,4,10,0,250,79,160,47
250,40,42,44,250,641,1232,648,250,15777,30235,15977,250,0,0,0,250,281,181,467
250,39,41,44,250,623,1230,624,250,15118,30111,15037,250,0,0,555,250,32,39,297
250,39,42,44,250,626,1235,640,250,15078,30211,15477,250,5,0,0,250,96,98,41
250,40,41,45,250,619,1247,635,250,15001,30613,15297,250,0,0,3,250,254,174,457
250,40,41,44,250,625,1284,638,250,15222,31804,15237,250,0,0,0,250,35,33,45
250,38,42,44,250,627,1287,623,250,15069,32128,14769,250,0,4,7,250,40,128,80
250,39,43,45,250,621,1218,639,250,14927,29566,15200,250,0,0,0,250,276,260,368
250,39,42,43,250,622,1229,640,250,14881,29775,15354,250,0,10,0,250,31,85,34
250,25,18,31,250,428,515,454,250,10440,12400,11087,250,0,0,0,250,26,55,31
250,44,47,51,250,694,1389,720,250,16860,34009,17168,250,0,0,0,250,212,136,355
250,46,48,49,250,705,1423,716,250,17095,35078,17031,250,8,3,0,250,36,92,45
250,46,47,49,250,710,1401,720,250,17278,34470,17361,250,0,0,0,250,72,137,39
250,46,49,50,250,696,1402,708,250,16822,34588,17121,250,0,36,0,250,260,271,368
250,45,48,50,250,687,1394,692,250,16489,34225,16519,250,0,7,0,250,34,47,48
250,44,49,49,250,694,1420,688,250,16668,35183,16607,250,0,6,0,250,37,101,39
250,46,48,49,250,696,1373,696,250,16985,33287,16595,250,0,0,0,250,328,237,377
250,45,48,49,250,693,1427,688,250,16738,35244,16467,250,0,12,4,250,46,38,76
250,47,47,49,250,703,1391,722,250,16944,34353,17552,250,16,2,0,250,116,128,58
250,45,48,51,250,688,1400,691,250,16634,34675,16640,250,5,4,2,250,283,223,396
250,45,46,51,250,679,1334,704,250,16247,32351,16813,250,0,0,0,250,72,90,50
250,45,47,50,250,671,1368,697,250,15918,33333,16797,250,0,0,20,250,40,50,131
250,45,47,50,250,705,1426,706,250,17088,35474,16948,250,0,0,7,250,331,173,435
250,45,46,51,250,693,1393,693,250,16753,34386,16649,250,0,0,0,250,36,37,36
250,45,47,51,250,709,1423,702,250,17156,35245,16982,250,0,0,0,250,57,36,40
250,45,46,50,250,688,1386,682,250,16579,34389,16156,250,2,0,0,250,256,191,366
250,47,48,50,250,708,1358,720,250,17146,33010,17357,250,13,3,7,250,126,36,75
250,46,47,52,250,687,1394,692,250,16479,34062,16501,250,8,0,18,250,120,76,126
250,47,47,51,250,712,1408,717,250,17207,34764,17309,250,0,0,0,250,462,185,381
250,46,46,51,250,704,1374,710,250,17000,33565,17304,250,0,0,0,250,44,40,40
250,47,47,50,250,729,1400,690,250,17899,34244,16656,250,7,0,0,250,73,40,43
250,47,46,51,250,730,1405,705,250,17706,34405,17052,250,0,0,128,250,328,178,359
250,46,47,51,250,720,1383,701,250,17357,33749,16758,250,0,2,0,250,32,46,150
250,45,46,51,250,698,1419,719,250,16588,35281,17287,250,0,0,0,250,36,75,72
250,45,48,51,250,702,1388,701,250,16800,34025,16598,250,0,7,0,250,281,212,353
250,47,48,50,250,697,1411,702,250,16650,34622,16798,250,5,0,0,250,36,47,47
250,48,48,50,250,686,1381,692,250,16522,33509,16325,250,3382,6,4,250,312,86,34
250,46,48,51,250,704,1383,707,250,17133,34116,16745,250,4,0,0,250,618,191,389
250,46,48,50,250,691,1359,685,250,16627,33106,16260,250,0,46,0,250,76,46,40
250,45,47,51,250,698,1380,705,250,16938,33525,17201,250,0,0,0,250,1102,138,48
250,45,48,51,250,687,1396,698,250,16594,34379,16667,250,0,4,8,250,194,180,353
250,46,48,50,250,708,1396,707,250,17018,34479,17122,250,3,0,0,250,56,68,120
250,46,47,51,250,696,1353,712,250,16725,32904,17264,250,9,0,3,250,74,86,58
250,47,46,51,250,706,1400,698,250,17127,34282,16631,250,0,4,0,250,250,213,403
250,46,46,50,250,726,1387,706,250,17752,34347,16741,250,0,0,0,250,46,34,51
250,45,47,50,250,705,1385,717,250,16910,34144,17319,250,0,0,2,250,43,239,38
250,45,45,51,250,711,1396,700,250,17352,34112,16545,250,0,0,4,250,178,182,419
250,45,47,51,250,706,1401,715,250,17009,34234,17103,250,0,0,0,250,39,36,90
250,45,48,51,250,716,1382,728,250,17501,33705,17566,250,0,7,0,250,137,130,42
250,44,47,50,250,697,1392,701,250,16721,33910,16976,250,0,3,0,250,187,226,356
250,46,48,50,250,719,1383,703,250,17264,33879,16931,250,14,0,0,250,115,34,46
250,46,49,51,250,709,1402,715,250,17340,34564,17530,250,0,10,319,250,58,200,136
250,45,48,52,250,695,1417,701,250,16756,34927,17115,250,0,567,0,250,180,200,447
250,45,48,51,250,696,1339,690,250,16848,32189,16667,250,0,0,0,250,40,94,91
275,45,48,50,275,700,1394,718,275,16958,34451,17392,275,371,0,7,275,42,230,39
275,46,47,49,275,696,1362,707,275,16755,33171,16993,275,444,0,0,275,597,392,380
275,47,47,50,275,711,1388,685,275,17315,34009,16481,275,0,0,0,275,45,43,52
275,45,47,50,275,698,1397,698,275,16899,34118,16691,275,0,6,6,275,66,115,36
275,46,48,49,275,726,1381,698,275,17882,33571,16655,275,7,0,0,275,186,212,384
275,46,48,50,275,701,1370,706,275,16987,33290,17254,275,0,7,0,275,84,81,34
275,45,48,49,275,700,1408,717,275,16910,34487,17588,275,0,0,0,275,36,105,47
275,46,47,50,275,731,1385,694,275,17758,33876,16707,275,0,0,0,275,381,182,593
275,46,47,51,275,708,1405,703,275,17109,34657,16849,275,4,0,7,275,44,30,44
275,46,48,50,275,703,1401,711,275,16794,34455,17220,275,7,4,0,275,78,147,86
275,46,48,50,275,717,1455,727,275,17508,36350,17849,275,0,0,0,275,379,216,383
275,46,48,51,275,717,1365,707,275,17396,33162,17009,275,0,0,0,275,47,38,37
275,45,47,50,275,688,1352,703,275,16365,33055,17022,275,0,20,0,275,50,146,41
275,46,47,51,275,708,1395,686,275,17128,34609,16414,275,0,8,15,275,396,241,443
275,45,48,51,275,711,1353,694,275,17116,32825,16554,275,0,0,0,275,36,46,83
275,45,44,34,275,737,1333,496,275,18344,32895,12044,275,0,0,0,275,42,102,33
275,37,22,47,275,554,609,649,275,13486,14623,15486,275,0,0,0,275,205,155,350
275,54,54,56,275,787,1529,765,275,19054,37361,18294,275,2,0,4,275,47,35,84
275,56,53,56,275,779,1564,770,275,18868,38668,18549,275,7,5,6,275,128,156,92
275,56,55,56,275,774,1543,760,275,18741,37816,18190,275,6,0,2,275,442,230,479
275,54,55,57,275,769,1530,772,275,18546,37711,18483,275,0,0,0,275,34,32,63
275,54,56,56,275,787,1559,780,275,19087,38263,18778,275,0,7,0,275,74,339,39
275,56,57,55,275,777,1485,762,275,18681,36070,18366,275,0,38,0,275,448,272,450
275,53,55,55,275,771,1554,798,275,18389,37671,19403,275,0,166,0,275,40,134,51
275,56,55,54,275,784,1595,764,275,18706,39254,18236,275,1216,0,0,275,82,160,40
275,55,54,55,275,796,1545,767,275,19169,37675,18355,275,2,0,0,275,451,248,386
275,55,56,54,275,788,1499,760,275,18967,36343,18339,275,4,8,0,275,80,188,50
275,56,55,55,275,753,1519,772,275,18002,37099,18650,275,4,0,0,275,103,169,48
275,55,54,57,275,766,1534,777,275,18252,37475,18874,275,0,0,31,275,861,188,436
275,54,55,58,275,777,1525,786,275,18564,37111,19064,275,0,0,0,275,38,66,40
275,54,54,56,275,781,1533,756,275,18916,37289,18126,275,6,2,0,275,85,103,103
275,55,53,59,275,777,1542,776,275,18852,37831,18841,275,0,0,8,275,394,206,506
275,55,54,58,275,780,1548,776,275,18843,37827,18742,275,0,0,0,275,34,48,70
275,53,53,58,275,767,1507,755,275,18617,36592,17965,275,0,0,0,275,64,49,45
275,54,53,56,275,765,1558,775,275,18253,37856,18430,275,0,3,0,275,295,233,565
275,55,54,55,275,777,1580,771,275,18640,38696,18547,275,0,0,0,275,50,58,69
275,53,54,56,275,784,1563,778,275,18823,38176,18658,275,0,0,0,275,38,262,54
275,54,54,56,275,771,1508,790,275,18372,36288,19008,275,0,0,0,275,383,189,409
275,54,52,55,275,773,1529,768,275,18464,36917,18248,275,7,5,0,275,123,102,40
275,55,53,55,275,789,1525,777,275,18994,36774,18448,275,0,0,0,275,50,161,36
275,56,52,54,275,783,1567,754,275,18843,38127,18004,275,0,0,0,275,300,200,382
275,54,56,56,275,782,1563,799,275,18744,38309,19652,275,0,17,0,275,57,88,44
275,54,56,55,275,774,1538,779,275,18522,37083,18932,275,6,3,0,275,86,212,39
275,56,54,54,275,790,1552,767,275,18977,37486,18614,275,6,0,0,275,519,204,371
275,55,55,54,275,750,1588,765,275,17739,38898,18456,275,0,0,0,275,71,35,48
275,54,55,54,275,789,1549,753,275,18895,37656,18006,275,0,0,0,275,56,216,38
275,55,53,56,275,764,1541,775,275,18366,37438,18776,275,0,0,0,275,393,188,382
275,52,54,56,275,751,1552,764,275,17975,38263,18216,275,0,0,1140,275,38,43,80
275,53,54,57,275,765,1509,783,275,18274,36601,18649,275,0,0,623,275,50,216,800
275,54,53,57,275,769,1549,783,275,18447,38067,18702,275,0,0,4,275,297,191,463
275,54,57,56,275,780,1521,774,275,18766,37277,18380,275,0,8,15,275,35,236,118
275,53,56,56,275,758,1518,789,275,18203,37107,18816,275,0,0,0,275,33,257,87
275,53,54,56,275,768,1537,774,275,18451,37679,18518,275,0,10,0,275,395,228,379
275,53,54,55,275,785,1549,766,275,19035,38178,18471,275,0,3,8,275,41,90,72
275,53,55,56,275,784,1515,770,275,18760,36728,18459,275,0,4,3,275,36,320,46
275,54,54,56,275,787,1560,777,275,19050,38484,18762,275,0,0,15,275,283,194,485
275,53,55,57,275,787,1513,761,275,19117,36494,18174,275,0,0,7,275,32,60,95
300,53,55,57,300,766,1547,798,300,18468,37830,19484,300,0,4,5,300,40,232,75
300,54,55,57,300,765,1523,761,300,18473,36951,18260,300,776,5,20,300,526,258,485
300,54,54,59,300,767,1505,788,300,18441,36400,18936,300,0,0,3,300,154,78,142
300,55,54,56,300,789,1513,789,300,19185,36729,19050,300,0,36,0,300,43,134,55
300,54,56,56,300,788,1553,790,300,19122,37997,19164,300,0,5,0,300,326,263,437
300,53,58,56,300,761,1564,782,300,18331,38292,18695,300,0,48,0,300,36,86,64
300,53,55,54,300,794,1518,796,300,19334,36927,19364,300,0,4,0,300,65,540,44
300,54,55,55,300,760,1521,782,300,18301,37002,18628,300,0,9,0,300,292,228,385
300,53,55,55,300,761,1512,787,300,18324,36713,18907,300,0,7,0,300,37,182,49
300,53,55,54,300,790,1517,759,300,19219,36738,18106,300,12,0,0,300,53,95,40
300,55,56,55,300,774,1550,798,300,18562,38013,19403,300,7,0,0,300,434,196,376
300,55,54,55,300,780,1562,772,300,18869,38432,18662,300,0,0,20,300,63,941,78
300,55,53,58,300,757,1547,760,300,18002,37875,18145,300,0,0,898,300,62,41,305
300,48,54,39,300,663,1535,550,300,15855,37350,13176,300,7,0,0,300,486,196,434
300,43,25,64,300,611,652,823,300,14342,15945,19762,300,6,254,5,300,57,132,36
300,61,66,68,300,836,1688,845,300,20270,41709,20323,300,0,0,0,300,72,59,111
300,62,64,67,300,841,1672,837,300,20435,40695,19977,300,4,0,4,300,533,171,379
300,62,65,66,300,845,1668,854,300,20440,40860,20492,300,5,283,0,300,65,244,78
300,61,65,68,300,844,1716,858,300,20358,42566,20566,300,0,2,7,300,44,171,56
300,63,63,69,300,845,1655,849,300,20520,40774,20464,300,0,5,0,300,390,280,469
300,61,66,67,300,823,1713,843,300,19643,42576,20133,300,0,0,0,300,41,74,38
300,63,64,67,300,847,1671,842,300,20398,41061,20085,300,8,1,0,300,35,81,40
300,64,63,66,300,856,1706,840,300,20903,42660,20102,300,2,0,0,300,374,256,416
300,61,64,66,300,850,1671,843,300,20518,41036,20103,300,0,0,0,300,53,55,40
300,62,64,65,300,841,1650,809,300,20280,40425,19178,300,8,7,0,300,79,42,40
300,63,65,66,300,871,1673,830,300,21302,41001,19820,300,5,0,0,300,456,248,414
300,61,64,69,300,840,1635,837,300,20229,39806,19963,300,0,0,6,300,40,44,44
300,61,64,68,300,826,1665,869,300,19664,40698,21026,300,0,0,21,300,42,34,80
300,66,63,69,300,853,1654,843,300,20541,40374,20122,300,0,0,14,300,395,202,474
300,62,63,68,300,846,1701,848,300,20344,41907,20307,300,0,0,0,300,32,59,112
300,61,64,68,300,850,1714,850,300,20411,42295,20406,300,0,0,0,300,48,38,39
300,62,63,66,300,835,1676,825,300,19975,40711,19721,300,4,0,0,300,376,201,412
300,64,63,69,300,867,1664,845,300,21002,40480,20324,300,6,0,4,300,45,44,55
300,63,63,69,300,817,1653,853,300,19632,40170,20597,300,0,0,0,300,79,38,94
300,62,63,67,300,835,1661,829,300,19952,40460,19704,300,0,0,0,300,427,209,418
300,63,63,69,300,846,1671,847,300,20410,40702,20312,300,0,0,7,300,34,30,46
300,63,63,69,300,844,1662,880,300,20242,40731,21686,300,4,0,0,300,95,45,95
300,64,64,67,300,855,1673,855,300,20604,40808,20517,300,303,7,0,300,449,205,410
300,63,65,68,300,844,1665,861,300,20364,40928,20818,300,0,0,0,300,108,76,38
300,63,66,68,300,836,1650,846,300,19995,40376,20193,300,0,0,29,300,58,44,116
300,62,63,68,300,857,1716,832,300,20768,42923,19748,300,0,0,5,300,435,206,445
300,61,65,68,300,851,1679,855,300,20456,41204,20543,300,0,4,0,300,100,70,78
300,62,64,68,300,839,1685,875,300,20194,42129,21122,300,0,0,0,300,37,48,43
300,63,65,69,300,850,1673,861,300,20462,40701,20693,300,0,0,0,300,343,211,440
300,61,64,67,300,844,1673,829,300,20371,40910,19649,300,0,0,0,300,38,34,36
300,64,64,67,300,855,1656,853,300,20586,40514,20450,300,14,0,0,300,76,397,41
300,62,63,68,300,838,1688,831,300,19966,41518,19725,300,0,0,5,300,397,212,429
300,62,64,67,300,832,1695,841,300,19714,42015,20067,300,0,3,0,300,34,33,74
300,62,63,67,300,834,1562,855,300,19597,37045,20452,300,0,0,0,300,39,250,33
300,63,70,68,300,845,1690,850,300,19998,41415,20326,300,2,3769,0,300,464,451,421
300,63,66,66,300,855,1646,849,300,20354,39793,20352,300,0,7,0,300,44,42,48
300,61,66,67,300,842,1636,851,300,20210,39912,20435,300,0,26,0,300,34,535,42
300,61,66,67,300,857,1732,832,300,20986,43347,19958,300,0,0,0,300,405,1458,419
300,61,65,67,300,850,1630,833,300,20358,39953,19953,300,0,7,0,300,42,34,50
300,60,66,67,300,843,1659,861,300,20218,40619,20621,300,0,373,0,300,36,307,39
300,65,64,69,300,843,1689,882,300,20340,41507,21332,300,1141,0,7,300,587,276,454
300,62,65,68,300,852,1683,821,300,20523,41281,19384,300,0,4,0,300,52,48,37
325,60,67,68,325,841,1678,826,325,20040,40983,19868,325,0,4,0,325,36,561,48
325,63,67,68,325,833,1643,861,325,19914,39816,20719,325,43,282,0,325,864,329,411
325,63,67,68,325,838,1718,839,325,20120,42367,20182,325,0,4,0,325,135,81,52
325,63,65,68,325,845,1687,836,325,20252,41855,20007,325,10,0,0,325,96,120,53
325,64,65,68,325,836,1661,863,325,20126,40294,21067,325,0,0,0,325,527,235,410
325,62,64,67,325,828,1664,846,325,19883,40552,20309,325,5,0,0,325,41,76,38
325,62,63,68,325,843,1641,861,325,20345,39853,20795,325,5,0,5,325,114,48,88
325,44,46,55,325,578,1208,649,325,13727,29926,15316,325,0,0,351,325,107,326,502
325,72,48,77,325,918,1292,896,325,21778,31641,21051,325,0,0,5,325,294,21,90
325,71,71,77,325,898,1791,927,325,21238,44279,21799,325,0,0,0,325,60,57,71
325,72,70,75,325,911,1794,915,325,21863,43739,21384,325,55,0,0,325,91,187,452
325,74,74,77,325,937,1831,921,325,22703,45078,21615,325,7,12,0,325,388,53,36
325,74,73,77,325,938,1778,940,325,22730,43144,22324,325,0,4,0,325,76,112,42
325,72,73,76,325,945,1778,925,325,22812,43340,22134,325,0,0,0,325,43,239,440
325,74,72,78,325,927,1808,937,325,22389,44530,22816,325,5,0,0,325,332,34,52
325,74,72,78,325,914,1882,932,325,21839,46880,22388,325,0,0,800,325,50,64,419
325,77,72,78,325,915,1825,918,325,21811,45075,21906,325,1153,0,36,325,224,223,573
325,73,73,80,325,921,1828,906,325,22207,45134,21795,325,0,2,0,325,347,51,72
325,72,74,79,325,919,1810,936,325,22211,44649,22526,325,0,3,1383,325,31,93,49
325,71,72,79,325,906,1804,916,325,21628,44248,21875,325,3,0,3,325,459,240,1034
325,72,72,79,325,905,1835,905,325,21483,45058,21619,325,0,0,47,325,287,33,151
325,73,71,79,325,924,1837,915,325,22228,45171,21818,325,4,0,236,325,82,59,105
325,73,74,80,325,911,1814,924,325,21770,44182,22203,325,7,0,6,325,99,223,546
325,73,71,79,325,921,1877,929,325,22301,46360,22367,325,0,0,15,325,381,38,100
325,72,71,80,325,922,1810,897,325,22267,44164,21102,325,0,0,0,325,49,100,62
325,73,71,77,325,936,1833,916,325,22404,44966,21860,325,0,0,7,325,46,221,478
325,72,76,78,325,917,1812,905,325,21722,44444,21744,325,0,660,5,325,288,148,81
325,72,81,77,325,909,1789,900,325,21561,43596,21315,325,0,128,0,325,46,174,36
325,74,74,79,325,925,1794,904,325,22004,43743,21543,325,4,0,0,325,138,220,1174
325,74,74,78,325,926,1764,930,325,22007,42883,22327,325,0,980,0,325,292,365,38
325,74,73,78,325,930,1780,917,325,22220,43511,21783,325,0,2,8,325,26,76,92
325,71,74,78,325,928,1788,911,325,22298,44234,21760,325,0,30,0,325,65,309,638
325,72,75,79,325,896,1840,911,325,21456,45428,21775,325,2,3,0,325,282,514,50
325,74,78,79,325,926,1816,906,325,22141,44362,21462,325,4,990,0,325,77,218,33
325,73,74,78,325,917,1812,917,325,22055,44553,22002,325,26,0,0,325,60,217,533
325,76,74,79,325,911,1814,923,325,21680,44288,22124,325,0,0,0,325,355,386,58
325,72,72,77,325,913,1833,917,325,21656,44888,22029,325,0,0,15,325,37,61,64
325,73,73,78,325,939,1774,914,325,22821,43050,21837,325,0,5,2,325,68,226,549
325,72,73,79,325,921,1814,916,325,21975,44202,21911,325,0,0,18,325,262,71,179
325,70,72,81,325,912,1816,922,325,21862,44408,22078,325,0,6,5,325,63,82,108
325,73,74,78,325,923,1827,942,325,22201,44682,22836,325,2,4,0,325,78,284,527
325,73,75,78,325,925,1802,912,325,22184,43824,21632,325,0,0,0,325,294,57,40
325,72,75,77,325,911,1829,931,325,22018,45066,22200,325,4,911,0,325,54,124,42
325,71,74,78,325,909,1848,940,325,21727,45992,22431,325,0,0,0,325,81,264,474
325,72,74,76,325,904,1831,915,325,21618,45715,21694,325,0,7,0,325,256,82,43
325,74,75,76,325,937,1770,927,325,22599,43033,22313,325,8,0,0,325,84,409,47
325,75,74,77,325,919,1791,908,325,21967,44071,21756,325,0,0,0,325,51,216,451
325,74,72,79,325,929,1862,924,325,22305,46382,22313,325,6,0,92,325,296,58,45
325,73,72,78,325,927,1856,910,325,22105,45822,21714,325,0,0,2,325,72,34,120
325,72,71,79,325,911,1796,929,325,21960,43767,22367,325,0,0,4,325,48,216,473
325,72,74,78,325,934,1757,890,325,22470,42966,21146,325,0,23,0,325,222,137,121
325,70,73,79,325,927,1792,916,325,22561,44012,21772,325,0,0,2,325,44,53,49
325,72,75,78,325,905,1812,922,325,21471,44838,22120,325,0,1473,0,325,40,847,504
325,71,73,78,325,915,1786,935,325,22136,43319,22493,325,0,0,3,325,218,46,115
325,71,72,79,325,917,1808,924,325,21899,44074,22258,325,0,0,8,325,42,80,109
325,70,72,78,325,901,1782,898,325,21644,43365,21412,325,0,0,0,325,44,219,442
325,72,74,79,325,912,1816,903,325,21988,44721,21496,325,0,9,0,325,222,78,69
350,71,74,78,350,928,1816,911,350,22396,44670,21807,350,0,0,0,350,34,92,36
350,74,73,77,350,924,1852,919,350,22122,45727,22065,350,573,0,0,350,158,260,444
350,72,75,77,350,914,1757,922,350,21749,42762,22185,350,0,0,0,350,238,48,52
350,72,72,76,350,890,1790,894,350,21040,44103,21157,350,0,0,0,350,34,30,39
350,72,72,78,350,937,1788,941,350,22658,43571,22759,350,0,0,0,350,260,230,434
350,73,75,77,350,915,1836,922,350,21851,45071,22271,350,6,8,0,350,323,131,48
350,74,88,80,350,924,1775,927,350,22294,43266,22348,350,0,0,4,350,50,67,105
350,71,82,79,350,904,1860,905,350,21640,45923,21575,350,0,0,8,350,40,231,450
350,72,83,78,350,924,1779,923,350,22317,43428,22094,350,0,3,5,350,239,84,108
350,73,80,78,350,912,1821,893,350,21786,44427,21189,350,7,0,0,350,47,66,70
350,73,76,80,350,925,1749,929,350,22270,42193,22152,350,3,0,445,350,82,221,552
350,72,76,66,350,911,1852,742,350,21736,45776,17622,350,0,0,7,350,249,36,114
350,49,64,67,350,626,1469,825,350,14881,35604,19942,350,0,0,3,350,55,36,72
350,81,42,86,350,999,962,987,350,23938,23428,23527,350,0,0,0,350,46,165,570
350,82,87,85,350,982,1972,989,350,23481,48432,23591,350,0,4,0,350,231,42,39
350,83,87,86,350,971,1946,1009,350,23036,47533,24369,350,4,1015,0,350,86,454,42
350,85,90,87,350,990,1978,1030,350,23523,48406,25163,350,667,37,0,350,298,283,479
350,84,87,86,350,1011,1946,988,350,24461,47584,23482,350,0,0,0,350,264,93,46
350,82,88,90,350,1013,1953,988,350,24462,47888,23387,350,9,2,6,350,64,54,76
350,85,89,89,350,994,1966,993,350,23935,48612,24132,350,3,0,0,350,99,284,477
350,84,89,89,350,990,1929,990,350,23568,47241,23733,350,4,2,0,350,268,40,48
350,82,89,87,350,1028,1962,997,350,24825,48320,23704,350,0,0,0,350,39,79,41
350,83,87,86,350,984,1945,1006,350,23291,47539,24244,350,0,0,0,350,73,228,472
350,82,88,87,350,985,1932,1021,350,23356,47432,24567,350,0,0,0,350,240,36,46
350,83,87,84,350,999,1954,966,350,23948,47941,22886,350,0,0,0,350,36,35,35
350,82,86,89,350,1010,1931,1015,350,24417,47311,24580,350,0,0,0,350,48,235,470
350,82,85,87,350,1001,1962,986,350,24009,48710,23798,350,0,0,0,350,243,40,38
350,83,84,87,350,989,1903,984,350,23507,46250,23428,350,0,0,0,350,35,58,44
350,80,87,87,350,1019,1973,990,350,24412,48684,23777,350,0,2,0,350,41,244,471
350,82,88,87,350,978,1937,1004,350,23312,47411,24134,350,0,0,0,350,249,72,38
350,81,87,86,350,996,1947,979,350,23853,47587,23366,350,0,0,0,350,36,42,44
350,82,85,87,350,1014,1948,1002,350,24295,47342,24014,350,0,0,0,350,45,227,477
350,85,89,87,350,991,1957,991,350,23751,47943,23887,350,10,2,0,350,1103,90,40
350,81,87,86,350,989,1978,999,350,23541,48134,23985,350,0,0,0,350,35,34,39
350,80,86,86,350,993,1997,1010,350,23880,49182,24174,350,0,0,0,350,41,232,477
350,81,85,86,350,1014,1987,983,350,24380,48811,23151,350,2,0,0,350,372,43,49
350,84,84,87,350,992,1959,1009,350,23833,47890,23953,350,5,0,0,350,82,38,38
350,85,86,86,350,978,1970,986,350,23213,48564,23168,350,0,3,0,350,36,267,484
350,83,89,86,350,1007,1952,974,350,24216,47912,23190,350,0,0,0,350,307,41,37
350,83,86,85,350,988,1971,1003,350,23498,48635,24006,350,0,0,0,350,41,41,40
350,83,86,86,350,998,1934,988,350,23964,47192,23793,350,0,0,0,350,37,239,470
350,82,86,88,350,1007,1932,984,350,24219,47263,23458,350,0,0,4,350,240,34,88
350,88,89,89,350,973,1928,976,350,23066,46911,23226,350,2531,7,0,350,1328,88,50
350,84,87,86,350,1022,1946,995,350,24548,47652,23844,350,0,0,0,350,44,239,470
350,84,87,85,350,982,1947,971,350,23484,47509,23306,350,10,0,1,350,328,38,90
350,86,86,86,350,1011,1898,986,350,24245,45928,23548,350,0,0,26,350,57,32,125
350,82,87,86,350,987,2013,999,350,23559,49679,24023,350,0,0,0,350,70,241,472
350,84,85,84,350,988,1964,973,350,23578,48098,23188,350,7,0,0,350,273,32,43
350,85,88,86,350,991,1937,981,350,23675,47000,23344,350,0,28,0,350,39,112,44
350,85,87,89,350,1002,1927,984,350,24119,46641,23388,350,690,7,4,350,150,281,506
350,83,87,88,350,1000,1978,966,350,23981,48513,23065,350,0,0,4,350,246,73,103
350,84,87,89,350,996,1964,995,350,23844,47951,24007,350,0,2,208,350,31,73,179
350,83,88,86,350,969,1966,988,350,22984,48395,23694,350,0,5,0,350,36,287,481
350,84,85,88,350,989,1931,1005,350,23707,47371,24134,350,299,0,0,350,494,40,38
350,85,87,87,350,987,1936,1012,350,23562,47774,24517,350,0,2,1188,350,144,851,219
350,84,89,89,350,1004,2010,979,350,24030,49214,23296,350,0,4,6,350,32,1845,557
350,83,88,87,350,983,1962,994,350,23521,48405,23788,350,0,2,0,350,341,277,48
375,83,87,86,375,995,1937,999,375,23568,47374,23931,375,0,0,6,375,32,101,438
375,85,86,87,375,977,1947,991,375,23029,47743,23701,375,13,0,8,375,99,41,568
375,83,88,87,375,986,1936,990,375,23763,47004,23744,375,0,20,0,375,242,232,75
375,86,87,87,375,994,1975,994,375,23852,48254,23742,375,649,0,2,375,59,106,80
375,86,86,87,375,966,1930,964,375,22947,46758,22707,375,0,0,0,375,118,46,479
375,82,87,88,375,995,1963,965,375,23927,47794,22930,375,0,0,0,375,505,234,44
375,86,88,87,375,1003,1947,996,375,24074,47552,23780,375,821,0,26,375,99,51,128
375,87,87,85,375,1002,1911,972,375,23811,46226,23063,375,0,0,0,375,128,1172,470
375,84,85,84,375,999,1938,965,375,23958,46984,22826,375,0,0,2,375,493,237,90
375,85,85,84,375,984,1957,972,375,23355,47869,23039,375,2,0,6,375,34,51,81
375,83,86,84,375,1006,1948,1005,375,24142,47857,24163,375,0,0,0,375,91,230,489
375,85,86,84,375,966,1976,968,375,22755,48853,23090,375,322,0,0,375,385,237,34
375,53,84,53,375,667,1924,615,375,16234,46867,14674,375,2,0,304,375,72,44,38
375,87,52,97,375,1023,1222,1086,375,24679,30456,25932,375,7,0,0,375,64,203,485
375,93,90,97,375,1060,2024,1079,375,25403,49920,25776,375,0,0,0,375,280,207,46
375,94,94,97,375,1050,2095,1077,375,24999,51405,25767,375,0,2,0,375,67,47,134
375,93,95,95,375,1046,2085,1041,375,24757,50589,24679,375,0,0,0,375,34,410,492
375,92,94,91,375,1050,2127,976,375,24914,51836,22995,375,0,0,0,375,278,266,40
375,92,96,90,375,1052,2090,968,375,24949,50674,22909,375,0,0,0,375,33,36,41
375,91,95,93,375,1084,2071,1016,375,26285,50141,23947,375,0,0,0,375,34,44,490
375,93,96,93,375,1063,2091,1021,375,25369,50662,24355,375,10,0,0,375,264,241,37
375,97,95,99,375,1056,2113,1093,375,24808,51692,25966,375,9,0,0,375,83,37,40
375,97,97,97,375,1076,2006,1075,375,25507,48395,25689,375,0,7,0,375,94,106,509
375,93,100,95,375,1055,2080,1022,375,24824,49915,24338,375,4,5,3,375,278,289,37
375,94,99,98,375,1070,2095,1058,375,25510,50451,25254,375,0,0,0,375,86,42,72
375,92,99,92,375,1052,2096,1017,375,25149,50941,24275,375,0,0,4,375,40,48,498
375,92,99,94,375,1057,2095,1007,375,25279,50863,24070,375,0,5,0,375,256,293,61
375,93,100,98,375,1043,2118,1059,375,24917,51473,25226,375,6,0,0,375,47,34,55
375,100,99,93,375,1075,2088,996,375,25672,50717,23404,375,0,3,0,375,69,46,482
375,97,100,94,375,1055,2080,1011,375,25140,50720,23875,375,2,0,0,375,349,365,45
375,96,99,98,375,1060,2113,1056,375,25176,51000,25112,375,5,2,1,375,51,64,46
375,95,99,94,375,1057,2118,1031,375,25339,50899,24850,375,0,0,0,375,99,203,513
375,94,100,90,375,1060,2086,1006,375,25326,49727,24192,375,4,0,4,375,252,299,56
375,94,100,96,375,1082,2151,1030,375,26054,50693,23927,375,0,0,2,375,68,57,83
375,94,100,92,375,1065,2132,970,375,25543,49993,23089,375,0,0,0,375,53,123,483
375,92,100,98,375,1056,2159,1102,375,25094,50890,26591,375,0,0,7,375,248,267,58
375,92,99,91,375,1037,2143,992,375,24736,50951,23595,375,0,0,0,375,35,34,84
375,90,99,93,375,1061,2189,1024,375,25366,53536,24273,375,0,0,2,375,46,47,490
375,93,99,98,375,1077,2157,1059,375,25879,53032,25311,375,0,6,0,375,251,248,72
375,90,99,91,375,1064,2137,1020,375,25420,52204,24616,375,0,0,0,375,44,92,72
375,93,99,93,375,1079,2080,1009,375,25788,50253,23975,375,0,0,5,375,32,91,494
375,92,100,98,375,1067,2107,1026,375,25646,51472,24420,375,0,0,10,375,255,420,68
375,90,100,92,375,1069,2093,1008,375,25738,51142,24134,375,0,0,0,375,34,437,77
375,92,99,91,375,1061,2097,1003,375,25337,50671,23771,375,0,0,0,375,36,394,500
375,94,99,99,375,1052,2142,1115,375,25170,52167,25642,375,0,0,0,375,661,30,76
375,96,99,97,375,1095,2111,1042,375,26328,51403,24672,375,0,0,0,375,318,34,63
375,92,99,91,375,1076,2052,990,375,25831,50440,23720,375,0,6,0,375,30,302,510
375,91,99,92,375,1053,2071,1022,375,25471,50378,24155,375,0,0,0,375,270,42,39
375,94,99,92,375,1058,2147,984,375,25217,52534,23312,375,0,4,905,375,48,67,57
375,91,99,94,375,1075,2040,995,375,25889,49149,23587,375,0,9,185,375,36,292,636
375,93,100,94,375,1063,2080,988,375,25398,50340,23565,375,0,0,4,375,243,68,254
375,97,99,97,375,1052,2104,991,375,24828,50889,23456,375,8,0,4,375,148,35,55
375,95,100,96,375,1035,2111,1030,375,24502,51405,24668,375,0,0,0,375,37,576,1209
375,100,100,92,375,994,2111,991,375,22956,51448,23712,375,4,0,0,375,274,221,193
375,100,99,95,375,1045,2097,1039,375,22860,51186,24827,375,0,62,3,375,289,144,94
375,100,100,96,375,1043,2089,1026,375,22901,50913,24204,375,4,0,0,375,48,273,596
375,100,100,88,375,1055,2087,953,375,22773,50911,22671,375,0,0,0,375,82,340,90
400,99,99,93,400,1134,2089,985,400,25113,50815,23312,400,575,4,485,400,588,155,157
400,100,99,97,400,1146,2118,1042,400,25278,49743,24909,400,0,8,0,400,76,295,481
400,100,99,86,400,1147,2138,942,400,25290,50838,22602,400,13,0,0,400,81,139,38
400,100,100,93,400,1161,2035,1029,400,25849,47476,24735,400,0,0,0,400,261,461,221
400,100,99,92,400,1171,2165,1030,400,25953,51051,24694,400,0,21,2,400,50,322,876
400,100,99,98,400,1171,2093,1006,400,25773,48992,23970,400,0,342,0,400,46,39,64
400,100,100,97,400,1194,2105,1001,400,26460,49637,23902,400,0,57,349,400,373,182,135
400,100,99,97,400,1180,2191,1038,400,25967,51768,24951,400,0,437,0,400,46,841,651
400,99,99,93,400,1149,2176,1028,400,25133,51588,24745,400,28,0,58,400,81,157,77
400,69,99,89,400,777,2150,956,400,17865,51744,22819,400,207,0,2,400,554,44,262
400,52,47,88,400,606,1029,979,400,14401,24674,23547,400,0,0,0,400,61,384,529
400,98,93,41,400,1113,2031,478,400,25583,49370,11536,400,26,0,0,400,124,36,37
400,99,99,93,400,1181,2138,1004,400,26444,50055,23410,400,0,2,18,400,216,60,45
400,99,99,97,400,1201,2176,1030,400,26642,50705,24121,400,0,2,395,400,40,219,706
400,99,100,93,400,1181,2204,1008,400,26272,51090,23893,400,0,0,0,400,56,282,79
400,99,99,96,400,1184,2173,995,400,26057,50494,23415,400,436,0,0,400,586,33,69
400,100,99,92,400,1163,2190,982,400,25041,51031,23176,400,0,0,0,400,74,134,512
400,100,100,92,400,1171,2271,1062,400,25231,52938,25318,400,2,0,10,400,98,416,59
400,100,100,99,400,1172,2222,1041,400,25491,51391,24430,400,0,0,0,400,315,36,82
400,99,99,98,400,1180,2240,1027,400,25749,51848,24483,400,3,0,0,400,86,33,281
400,99,100,98,400,1190,2234,1031,400,25974,51867,24611,400,3,0,6,400,85,477,296
400,99,99,94,400,1205,2290,999,400,26044,53461,23952,400,0,0,0,400,268,37,101
400,99,99,99,400,1202,2200,1070,400,25955,51392,25328,400,589,888,0,400,271,55,84
400,100,99,91,400,1187,2159,963,400,25647,49785,22994,400,7,1849,0,400,137,1428,505
400,100,99,94,400,1188,2126,1052,400,25370,48924,25332,400,0,0,30,400,313,781,86
400,99,99,94,400,1181,2197,986,400,25169,50501,23349,400,0,20,0,400,36,38,131
400,99,99,98,400,1191,2221,1035,400,25453,51750,24828,400,0,0,0,400,42,98,508
400,99,99,93,400,1171,2242,1011,400,25363,51673,24164,400,0,0,4,400,265,314,79
400,99,100,95,400,1211,2196,1020,400,26134,50287,24527,400,0,0,0,400,48,53,40
400,99,99,92,400,1199,2172,950,400,25947,49532,22526,400,0,0,0,400,34,32,548
400,99,99,97,400,1154,2180,1067,400,24535,50003,25754,400,5,5,0,400,255,321,50
400,99,99,98,400,1206,2188,1053,400,26085,50359,25205,400,4,8,10,400,80,114,93
400,99,100,91,400,1170,2161,974,400,25049,49550,23425,400,16,2,0,400,55,144,531
400,99,99,88,400,1201,2116,935,400,26297,47879,22246,400,7,0,0,400,332,329,46
400,99,100,97,400,1159,2208,1075,400,25025,50668,25655,400,53,0,0,400,98,59,68
400,99,99,96,400,1174,2186,1021,400,25048,50022,24491,400,4,0,2,400,84,57,482
400,99,100,96,400,1165,2235,1013,400,25392,52016,24116,400,0,0,5,400,285,323,84
400,100,99,98,400,1186,2235,1025,400,26258,52492,24323,400,3,0,0,400,43,57,57
400,99,100,91,400,1189,2219,987,400,25726,52388,23541,400,0,6,4,400,92,51,533
400,99,93,86,400,1200,1982,920,400,25733,46594,22219,400,0,7,10,400,245,333,108
400,99,99,93,400,1207,2120,971,400,26181,49758,22896,400,2,0,5,400,36,65,91
400,99,99,95,400,1186,2157,1027,400,25546,51353,24885,400,2,0,4,400,127,76,533
400,99,97,97,400,1181,2094,1042,400,25203,48790,25042,400,5,2,4,400,257,395,96
400,99,99,95,400,1211,2180,1012,400,25982,49959,24290,400,0,0,0,400,66,99,86
400,99,99,95,400,1192,2281,1016,400,25388,53622,24263,400,4,0,0,400,65,49,517
400,99,99,96,400,1191,2228,1048,400,25428,51282,25193,400,0,0,107,400,280,259,62
400,100,99,96,400,1215,2205,990,400,26502,51060,23499,400,0,4,6,400,54,83,94
400,99,100,96,400,1188,2137,1008,400,24988,48334,23890,400,0,0,9,400,50,41,578
400,99,100,93,400,1208,2250,1003,400,25812,52115,24085,400,0,0,0,400,287,78,42
400,99,100,95,400,1173,2244,1023,400,24770,52046,24223,400,4,2,0,400,68,346,77
400,100,100,96,400,1176,2203,1053,400,25403,50571,24747,400,3,0,0,400,41,709,504
400,100,100,91,400,1170,2247,973,400,24741,51806,23189,400,3,0,3,400,282,350,45
400,99,100,92,400,1218,2235,999,400,26134,51570,24147,400,0,0,0,400,45,36,56
400,99,99,95,400,1190,2192,1009,400,25493,50561,24070,400,4,627,2,400,39,382,511
400,99,100,97,400,1169,2236,1046,400,24752,51307,24723,400,0,0,0,400,293,135,70
400,100,100,93,400,1168,2217,1007,400,24904,50536,24345,400,0,0,0,400,39,36,38
400,99,100,89,400,1186,2253,965,400,25223,52239,23061,400,5,0,4,400,46,504,512
425,99,100,96,425,1177,2225,1049,425,25020,50844,25030,425,7,0,0,425,295,38,58
425,100,99,97,425,1220,2245,1045,425,26479,51709,24744,425,7,0,0,425,70,62,40
425,100,99,95,425,1218,2173,1030,425,26352,49400,24373,425,5,55,0,425,107,315,522
425,100,100,96,425,1175,2202,1058,425,25480,50645,25317,425,21,0,0,425,308,87,55
425,99,100,90,425,1124,2206,933,425,25625,51218,21759,425,0,2,0,425,69,102,45
425,84,99,98,425,944,2193,1015,425,22679,51849,23983,425,0,0,0,425,48,242,498
425,23,99,90,425,251,2093,971,425,5825,50435,23548,425,0,0,9,425,208,135,74
425,99,32,95,425,1223,685,951,425,27119,16940,22833,425,4,0,0,425,76,569,74
425,99,20,86,425,1207,406,949,425,25743,9349,23197,425,36,0,7,425,112,14,533
425,99,100,96,425,1213,2254,1043,425,26208,51830,25775,425,2,2,3,425,294,305,64
425,99,100,76,425,1224,2247,844,425,26401,52175,20777,425,0,0,0,425,46,392,64
425,100,99,60,425,1168,2234,651,425,24566,51219,15551,425,0,0,0,425,47,376,426
425,99,99,92,425,1178,2294,1007,425,25332,52948,23715,425,0,0,5,425,260,49,60
425,94,99,87,425,1149,2167,980,425,24261,49755,22689,425,11,272,6,425,90,87,86
425,100,100,97,425,1191,2194,1060,425,25394,50382,24579,425,0,4,0,425,41,281,470
425,100,100,98,425,1167,2223,1002,425,24592,51702,23824,425,16,2,0,425,325,54,39
425,100,100,98,425,1205,2203,1021,425,25763,50699,24372,425,4,4,0,425,130,108,42
425,99,100,97,425,1228,2198,1013,425,26457,50334,24498,425,0,0,4,425,40,382,545
425,99,100,93,425,1201,2237,981,425,25441,50974,23686,425,0,0,2,425,258,56,61
425,99,99,92,425,1176,2131,949,425,24964,47777,22717,425,2,0,3,425,100,34,87
425,100,99,90,425,1223,2276,1018,425,26033,52530,24352,425,0,0,0,425,39,276,579
425,99,99,95,425,1206,2252,975,425,25210,51544,22996,425,0,0,4,425,310,33,115
425,99,99,89,425,1201,2232,994,425,25268,50970,23168,425,0,0,0,425,42,57,120
425,99,99,93,425,1191,2251,1005,425,25069,51757,24350,425,45,0,0,425,66,248,485
425,100,99,97,425,1215,2239,1001,425,25703,51083,23640,425,0,0,2,425,373,41,100
425,99,100,92,425,1215,2266,1012,425,26069,52356,24039,425,2,0,0,425,50,46,54
425,99,99,98,425,1214,2235,1049,425,26043,51158,25094,425,0,0,2,425,85,258,492
425,99,99,90,425,1223,2284,985,425,25870,52642,23218,425,0,0,0,425,260,33,71
425,99,99,96,425,1227,2253,1017,425,25781,51832,24561,425,0,0,4,425,40,47,84
425,99,99,97,425,1243,2299,1004,425,26433,52944,24083,425,0,0,0,425,40,247,518
425,99,96,91,425,1228,2139,997,425,25861,49228,23258,425,6,1384,0,425,285,48,59
425,100,100,97,425,1179,2240,1064,425,24400,51417,25761,425,4,0,0,425,946,629,34
425,99,99,98,425,1253,2150,1082,425,26527,49144,25618,425,4,0,3,425,47,265,517
425,99,99,95,425,1230,2246,1063,425,25955,50944,25080,425,3,0,14,425,310,34,64
425,99,99,92,425,1201,2244,953,425,25527,51114,22580,425,7,0,0,425,79,46,95
425,99,100,98,425,1229,2217,1063,425,26020,50112,25767,425,0,9,34,425,77,289,482
425,99,99,91,425,1200,2227,972,425,25246,50509,22914,425,0,5,0,425,257,99,75
425,99,99,94,425,1239,2216,996,425,26306,49893,23938,425,0,0,0,425,46,41,44
425,99,100,93,425,1187,2274,1040,425,25049,51801,24335,425,2,0,0,425,84,256,477
425,99,99,98,425,1194,2234,1080,425,25129,51615,26262,425,0,0,0,425,273,43,61
425,99,99,96,425,1182,2239,1041,425,24876,51486,25262,425,7,5,2,425,81,62,38
425,100,99,94,425,1187,2197,972,425,24806,49955,23153,425,3,0,0,425,49,286,514
425,100,99,95,425,1173,2232,1054,425,24638,51097,25162,425,7,38,2,425,273,55,72
425,100,99,96,425,1170,2188,986,425,24386,50124,23580,425,4,0,4,425,94,79,52
425,99,99,93,425,1204,2262,1021,425,25146,51837,24674,425,0,0,0,425,92,247,515
425,100,100,98,425,1223,2252,1068,425,26120,51820,25821,425,0,0,0,425,268,48,42
425,100,99,94,425,1189,2224,1019,425,24619,50724,24413,425,0,0,4,425,46,41,57
425,100,99,91,425,1209,2182,958,425,25311,49717,22838,425,34,16,0,425,60,251,527
425,100,99,87,425,1169,2258,942,425,24484,52067,22610,425,0,2183,0,425,366,860,39
425,99,100,92,425,1210,2200,1023,425,26090,50061,24754,425,4,0,0,425,79,116,48
425,100,99,98,425,1218,2233,1032,425,25945,51088,24748,425,0,0,15,425,87,243,940
425,100,99,98,425,1210,2206,1070,425,25655,50440,25743,425,2,6,0,425,314,89,64
425,100,99,99,425,1169,2197,1087,425,24636,49988,26043,425,0,0,0,425,149,40,45
425,100,99,96,425,1200,2230,1014,425,25459,51074,24304,425,0,4,2,425,43,259,655
425,99,100,93,425,1209,2222,1025,425,25754,50863,24480,425,0,0,632,425,344,83,278
425,100,99,97,425,1192,2232,1011,425,25823,51006,24231,425,0,4,0,425,39,59,106
425,99,100,98,425,1147,2123,1050,425,25130,47952,24702,425,5,0,0,425,73,263,616
450,99,100,98,450,1116,2151,1074,450,25235,49143,25515,450,2,0,0,450,296,58,38
450,99,100,92,450,1066,2181,979,450,25270,51079,23247,450,0,7,0,450,76,78,44
450,43,99,92,450,481,2104,1027,450,11129,49484,24327,450,0,266,0,450,28,462,506
450,99,99,97,450,1219,2087,1069,450,26583,50077,25162,450,5,0,267,450,207,70,128
450,99,69,98,450,1190,1488,1055,450,25586,36480,24835,450,0,0,5,450,82,27,152
450,95,97,89,450,1117,2127,931,450,24601,49471,21886,450,468,4,182,450,47,288,653
450,96,99,94,450,1148,2229,1046,450,24214,51468,25040,450,2,8,0,450,343,67,41
450,100,99,99,450,1183,2166,1054,450,24873,49174,24928,450,2,594,10,450,74,384,187
450,100,99,84,450,1215,2143,924,450,25451,48270,21930,450,0,4,4,450,299,315,492
450,99,99,85,450,1220,2194,956,450,25624,50090,22878,450,7,0,3,450,316,72,118
450,100,99,69,450,1204,2283,701,450,25390,52236,16380,450,5,5,0,450,103,54,73
450,100,99,95,450,1194,2267,1018,450,25284,52035,24289,450,0,11,4,450,66,308,485
450,100,99,96,450,1204,2246,1037,450,25266,51268,23932,450,0,0,0,450,262,45,84
450,100,99,95,450,1214,2177,966,450,25690,49228,23199,450,1611,4,0,450,466,50,59
450,99,99,88,450,1211,2171,960,450,25349,48995,23230,450,0,2,43,450,62,277,557
450,99,99,95,450,1228,2231,1076,450,25911,50906,23558,450,30,2,3,450,333,86,116
450,100,99,98,450,1207,2216,1024,450,25491,50795,24114,450,0,0,0,450,289,47,118
450,99,99,97,450,1188,2181,1020,450,24767,49164,24219,450,0,0,0,450,37,284,514
450,99,99,99,450,1216,2273,1063,450,25514,51803,25524,450,0,0,54,450,257,30,116
450,99,99,99,450,1227,2225,995,450,25865,49970,23485,450,0,0,0,450,32,34,60
450,99,100,99,450,1215,2136,968,450,25385,48750,23118,450,0,5,0,450,46,315,476
450,99,100,97,450,1234,2051,996,450,26063,46192,24133,450,0,35,21,450,253,397,74
450,99,100,97,450,1186,2172,983,450,24425,49328,23250,450,130,0,0,450,149,349,73
450,100,100,98,450,1204,2105,1087,450,25194,48130,26190,450,0,8,2,450,50,893,505
450,99,100,96,450,1201,2160,1010,450,25218,48670,23479,450,0,0,0,450,274,576,41
450,99,100,98,450,1192,2216,1024,450,24679,50132,24283,450,0,0,2,450,50,63,88
450,99,100,96,450,1203,2267,962,450,25526,52150,22816,450,2,0,0,450,41,266,1494
450,100,99,98,450,1220,2191,995,450,25310,49569,23756,450,0,0,4,450,315,244,1325
450,100,99,97,450,1195,2283,1038,450,24782,52130,24722,450,0,0,0,450,59,173,61
450,99,100,98,450,1240,2333,1009,450,26376,54494,23973,450,0,0,0,450,49,288,300
450,99,99,98,450,1187,2243,1050,450,24752,50722,25372,450,52,0,0,450,272,34,454
450,99,99,95,450,1197,2170,977,450,25039,49518,22999,450,3,11,0,450,112,116,83
450,100,100,98,450,1228,2266,1054,450,25800,52299,25086,450,2,5,4,450,61,328,284
450,99,100,97,450,1244,2149,1018,450,26193,48761,24188,450,0,5,4,450,291,128,356
450,99,99,98,450,1227,2189,1058,450,25819,49940,25088,450,0,6,0,450,32,348,60
450,99,100,96,450,1203,2227,1041,450,25272,50720,24785,450,4,4,0,450,46,103,287
450,100,100,97,450,1216,2142,1063,450,25657,48221,25328,450,6,2,1,450,320,393,246
450,100,100,97,450,1209,2205,1039,450,25447,50311,24866,450,0,2,0,450,68,217,85
450,99,99,99,450,1218,2186,1056,450,25451,49137,25080,450,0,0,0,450,46,98,274
450,100,99,97,450,1234,2235,1030,450,26279,50484,24630,450,0,0,0,450,257,279,536
450,99,99,99,450,1213,2165,1142,450,25511,49105,27462,450,937,6,1,450,117,80,87
450,99,99,96,450,1215,2230,1035,450,25406,51490,24937,450,0,0,0,450,83,83,96
450,99,99,95,450,1200,2221,1011,450,24982,50283,23969,450,5,0,0,450,281,241,706
450,99,99,96,450,1234,2262,1032,450,26064,51527,24714,450,4,0,0,450,429,48,52
450,99,99,99,450,1235,2209,1034,450,26129,50219,24626,450,0,0,0,450,60,45,71
450,100,99,99,450,1225,2337,1137,450,25790,54030,27587,450,0,0,0,450,261,249,505
450,100,100,99,450,1191,2292,1027,450,24765,52702,24219,450,5,0,746,450,46,34,119
450,100,100,98,450,1219,2213,1068,450,25999,50337,25196,450,0,0,0,450,79,54,65
450,100,100,96,450,1222,2284,1039,450,25730,52546,24617,450,0,0,0,450,252,250,489
450,100,100,99,450,1225,2180,1059,450,26000,49196,25160,450,0,0,0,450,30,40,333
450,99,99,96,450,1192,2268,1069,450,25592,51659,25415,450,4,0,2,450,46,55,57
450,99,99,94,450,1203,2252,974,450,26211,51108,22588,450,0,0,0,450,294,258,526
450,99,99,91,450,1159,2208,996,450,25540,50521,23536,450,0,4,0,450,40,38,43
450,100,100,98,450,1099,2148,1052,450,25391,49054,24917,450,0,5,2,450,46,114,66
450,92,100,99,450,1007,2150,1032,450,24266,49442,24496,450,0,49,0,450,306,265,530
450,81,99,97,450,985,2160,1066,450,21460,50904,25316,450,0,0,3,450,33,41,79
450,99,100,99,450,1212,2048,1042,450,26242,48417,24875,450,0,2,2,450,40,58,39
475,100,99,94,475,1225,2114,1023,475,26216,52735,24466,475,0,5,0,475,278,312,547
475,99,42,97,475,1232,891,997,475,25744,20855,23421,475,0,4,0,475,38,78,39
475,100,100,94,475,1233,2228,1017,475,25885,51106,23960,475,2,0,8,475,71,42,98
475,100,99,92,475,1204,2255,1010,475,25117,51647,24248,475,12,0,0,475,280,214,490
475,100,99,96,475,1222,2263,1038,475,25641,52125,25029,475,0,0,2,475,84,41,96
475,99,100,95,475,1240,2228,997,475,26203,50825,23994,475,2,0,0,475,73,48,46
475,100,97,88,475,1190,2140,988,475,24814,48798,23864,475,0,365,0,475,251,320,488
475,99,99,87,475,1206,2194,945,475,24925,49549,22669,475,0,0,2,475,45,49,108
475,99,99,15,475,1206,2201,168,475,24990,49555,4005,475,5,0,0,475,39,53,32
475,100,100,76,475,1202,2267,837,475,24989,51704,18677,475,5,0,7,475,298,344,307
475,99,99,97,475,1226,2209,1048,475,25806,50287,24498,475,0,2,0,475,52,87,79
475,99,99,95,475,1214,2221,1060,475,25200,50425,25332,475,0,0,4,475,47,70,50
475,99,99,98,475,1253,2286,1051,475,26494,52271,25174,475,0,0,0,475,266,246,513
475,99,99,98,475,1223,2196,1058,475,25614,49798,25291,475,4,4,0,475,42,74,38
475,99,100,99,475,1222,2179,1084,475,25579,49228,25660,475,4,0,0,475,126,68,51
475,100,99,98,475,1238,2217,1083,475,25910,50553,25377,475,0,25,19,475,1150,308,520
475,100,99,99,475,1220,2154,1094,475,25604,48298,25867,475,0,0,5,475,38,43,128
475,99,100,96,475,1222,2190,1050,475,25575,49966,24986,475,6,0,2,475,130,46,68
475,99,99,98,475,1202,2214,1070,475,25078,49789,25690,475,0,0,3,475,247,242,510
475,98,100,99,475,1191,2235,1072,475,24962,50281,25550,475,3,0,5,475,2088,35,87
475,100,99,99,475,1192,2271,1050,475,24620,51865,24708,475,4,6,0,475,89,102,80
475,100,99,99,475,1208,2149,1081,475,25089,48579,25477,475,0,13,0,475,280,299,498
475,99,100,98,475,1245,2180,1080,475,25993,48995,25831,475,0,552,4,475,55,75,100
475,100,100,95,475,1208,2232,1029,475,25226,50871,24220,475,2,0,0,475,80,30,78
475,100,99,98,475,1217,2198,1087,475,25149,49506,26250,475,2,2,0,475,297,265,498
475,100,100,96,475,1254,2246,1017,475,26560,51188,24121,475,0,3,0,475,40,287,56
475,99,99,94,475,1222,2229,1032,475,25419,50448,24443,475,0,0,0,475,56,53,66
475,99,100,98,475,1255,2259,1023,475,26504,50859,24384,475,0,0,2,475,273,257,510
475,100,99,89,475,1204,2212,1048,475,25035,49775,23005,475,0,0,280,475,229,44,249
475,100,100,99,475,1205,2231,1094,475,25025,50278,25426,475,0,0,0,475,383,47,38
475,100,99,100,475,1199,2285,1048,475,24756,52140,24213,475,0,0,0,475,701,249,505
475,100,99,99,475,1222,2161,1141,475,25196,48525,26397,475,0,510,0,475,45,266,52
475,99,100,99,475,1237,2205,1144,475,25934,49928,26241,475,0,0,2,475,33,144,40
475,99,100,94,475,1228,2206,1066,475,25496,49689,24870,475,0,0,9,475,263,272,518
475,100,99,95,475,1224,2229,1045,475,25453,50547,24380,475,0,0,15,475,45,52,144
475,99,100,97,475,1249,2231,1055,475,26182,50956,24624,475,0,0,0,475,37,45,56
475,99,99,98,475,1237,2187,1173,475,25817,49542,27409,475,38,5,0,475,249,252,536
475,100,100,99,475,1226,2252,1137,475,25407,51332,26714,475,2,0,0,475,142,68,42
475,100,100,99,475,1221,2193,1125,475,25434,49536,26057,475,0,2,0,475,72,44,61
475,100,100,99,475,1204,2264,1133,475,25125,51915,26416,475,5,0,4,475,91,273,491
475,100,99,97,475,1187,2233,1111,475,24994,50554,26285,475,0,0,1,475,357,39,75
475,100,99,94,475,1227,2274,1070,475,25987,51768,25363,475,0,0,2,475,716,58,60
475,100,99,98,475,1190,2178,1088,475,24482,49335,25638,475,0,3,0,475,329,297,478
475,99,99,99,475,1231,2265,1094,475,26015,52006,25550,475,0,7,0,475,37,33,80
475,100,99,99,475,1193,2238,1123,475,25072,50864,26016,475,6,3,0,475,293,79,56
475,99,99,99,475,1191,2267,1093,475,25055,51222,25458,475,0,0,0,475,236,267,536
475,100,99,94,475,1199,2312,1088,475,25337,53165,25906,475,0,4,0,475,40,36,535
475,100,100,99,475,1174,2190,1081,475,25537,49489,24968,475,0,7,0,475,269,100,33
475,100,100,99,475,1151,2235,1122,475,26063,51324,26142,475,0,0,0,475,150,270,310
475,99,100,99,475,1081,2200,1119,475,25794,50233,25964,475,0,0,0,475,46,43,434
475,45,99,99,475,517,2259,1156,475,12347,52090,26105,475,0,0,0,475,211,36,320
475,99,100,98,475,1244,2161,1040,475,26653,49535,23872,475,0,6,0,475,170,270,34
475,99,99,100,475,1206,2163,1110,475,25260,51313,25619,475,2,0,0,475,90,91,532
475,83,99,99,475,1033,2054,1143,475,22619,49514,26695,475,15,0,0,475,325,38,88
475,97,61,99,475,1204,1341,1094,475,23935,33230,25444,475,0,0,4,475,177,242,78
475,100,69,99,475,1220,1563,1096,475,25320,36296,25534,475,0,13,0,475,90,60,498
475,100,100,96,475,1225,2236,1022,475,25442,51090,23728,475,10,0,282,475,96,84,229
500,100,99,92,500,1220,2190,1000,500,25316,49368,22545,500,0,28,0,500,303,284,89
500,99,99,94,500,1193,2265,1060,500,24442,51457,24876,500,1411,0,15,500,282,59,529
500,100,99,89,500,1204,2247,983,500,24598,50617,23252,500,0,0,0,500,60,42,188
500,100,99,90,500,1230,2222,959,500,25774,49874,22200,500,0,0,0,500,717,243,50
500,100,99,82,500,1226,2226,932,500,25212,50305,21921,500,4,0,0,500,208,36,483
500,99,99,45,500,1230,2292,518,500,25395,52369,12280,500,4,0,0,500,88,40,86
500,100,96,97,500,1207,2240,999,500,24942,51923,23091,500,4,19,12,500,295,257,43
500,100,100,97,500,1221,2183,1049,500,25489,48918,24373,500,0,4,10,500,246,128,463
500,99,100,96,500,1227,2212,1040,500,25212,49461,24596,500,0,6,0,500,72,87,112
500,100,100,99,500,1233,2254,1103,500,25527,50955,26407,500,0,24,0,500,253,352,82
500,100,88,99,500,1251,1675,1087,500,26393,37886,25311,500,0,41,0,500,54,87,479
500,100,100,87,500,1193,2415,1091,500,24481,55359,24415,500,15,0,0,500,52,132,125
500,99,99,97,500,1218,2197,1015,500,25098,48589,23082,500,0,2,4,500,266,274,63
500,100,99,97,500,1245,2244,1059,500,25916,50211,24833,500,0,0,0,500,47,50,538
500,100,99,99,500,1241,2202,1096,500,25832,49379,25700,500,0,4347,0,500,39,77,62
500,99,99,99,500,1244,2322,1111,500,25482,52851,26402,500,4,2502,0,500,260,263,37
500,100,99,99,500,1280,2243,1104,500,26863,50015,26123,500,0,0,10,500,71,61,483
500,99,100,99,500,1245,2280,1082,500,26104,51585,25390,500,6,0,21,500,82,36,72
500,99,99,96,500,1221,2243,1087,500,25153,49671,26384,500,0,0,4,500,304,344,42
500,99,99,99,500,1225,2297,1047,500,24945,52229,24534,500,0,0,0,500,57,38,507
500,99,99,99,500,1246,2249,1059,500,25902,50278,25221,500,0,2,0,500,37,47,45
500,100,100,99,500,1264,2283,1106,500,26513,51754,26630,500,0,0,0,500,252,307,62
500,100,100,99,500,1237,2317,1073,500,25428,52791,25187,500,0,0,2,500,54,35,496
500,100,99,100,500,1239,2301,1096,500,25793,52322,25426,500,0,0,0,500,34,47,70
500,99,99,99,500,1231,2289,1091,500,25262,51750,25405,500,6,0,1,500,281,243,56
500,100,99,99,500,1231,2237,1064,500,25435,49993,25131,500,0,0,0,500,130,36,483
500,100,99,99,500,1252,2271,1091,500,26163,50580,25716,500,0,0,192,500,64,35,80
500,100,99,99,500,1252,2264,1099,500,26202,50662,25766,500,0,0,3,500,244,256,156
500,100,99,99,500,1182,2252,1088,500,24181,50965,25488,500,0,4,44,500,43,68,523
500,99,100,99,500,1264,2266,1090,500,26455,50934,25871,500,0,0,50,500,46,39,214
500,100,100,97,500,1202,2281,1111,500,24501,51772,26644,500,0,0,0,500,273,247,78
500,99,99,99,500,1235,2273,1065,500,25382,50750,25280,500,0,0,305,500,38,40,590
500,100,99,99,500,1271,2258,1101,500,26482,50409,25754,500,0,12,0,500,38,84,140
500,99,100,99,500,1256,2229,1036,500,26030,49696,24580,500,0,0,2,500,255,262,56
500,99,100,98,500,1248,2257,1078,500,25847,50733,25725,500,0,0,0,500,42,46,500
500,100,100,99,500,1264,2233,1105,500,26365,49965,25422,500,0,0,0,500,33,37,62
500,100,100,99,500,1221,2238,1044,500,25027,50703,24928,500,0,0,0,500,262,250,42
500,100,100,99,500,1252,2227,1034,500,26183,49839,24670,500,0,0,2112,500,38,81,515
500,99,100,99,500,1245,2284,1125,500,25901,51726,26763,500,0,0,0,500,37,35,169
500,99,99,99,500,1193,2240,1073,500,24628,50178,25352,500,524,0,0,500,353,239,54
500,99,100,99,500,1201,2258,1127,500,25410,50712,26890,500,0,0,22,500,120,34,1306
500,99,99,99,500,1174,2303,1100,500,24795,52158,25236,500,0,0,5,500,50,47,44
500,99,99,99,500,1211,2243,1109,500,26684,49835,26389,500,3,0,3641,500,262,244,1318
500,100,99,99,500,1113,2275,1114,500,24418,51124,26293,500,3,0,2,500,94,37,477
500,100,99,99,500,1087,2269,1108,500,25405,50773,25972,500,2,0,0,500,87,71,104
500,85,100,99,500,952,2298,1096,500,22996,51934,25768,500,0,2,0,500,282,249,515
500,1,99,99,500,0,2251,1091,500,0,50715,26045,500,0,0,0,500,4,66,313
500,1,100,97,500,0,2211,1076,500,0,50430,25809,500,0,5,0,500,22,38,247
500,,100,97,500,,2186,1030,500,,50054,24279,500,,2,0,500,,284,327
500,,99,96,500,,2131,1037,500,,50110,24609,500,,0,0,500,,70,295
500,,84,99,500,,1838,1105,500,,45153,25991,500,,0,0,500,,36,270
500,,1,99,500,,0,1060,500,,0,25138,500,,10,0,500,,9,187
500,,1,96,500,,0,1110,500,,0,25896,500,,9,0,500,,15,394
500,,,97,500,,,1026,500,,,24511,500,,,12,500,,,639
500,,,98,500,,,1071,500,,,25691,500,,,0,500,,,42
500,,,93,500,,,1002,500,,,23961,500,,,552,500,,,233
500,,,95,500,,,1025,500,,,24373,500,,,3,500,,,562
,,,77,,,,870,,,,20646,,,,3,,,,83
,,,35,,,,416,,,,10006,,,,0,,,,119
,,,1,,,,0,,,,0,,,,120,,,,39
,,,1,,,,0,,,,0,,,,30,,,,11
,,,1,,,,0,,,,0,,,,101,,,,53
